run_id,schema_version,dataset,model,objective,prior_type,base_seed,n_total,n_selected,n_prior,n_posterior,n_bound,perc_train,perc_prior,stratified,split_hash,delta_train,delta_mc,delta_pac,joint_confidence,mc_samples,kl,kl_over_nbound,mc_err_01,mc_ce,emp_risk_01,emp_risk_ce,cert_risk_01,cert_risk_ce,test_stoch_01,test_postmean_01,test_ens_01,prior_net_test_01,label_noise,train_epochs,prior_epochs,lr,lr_prior,sigma_prior,kl_penalty,duration_sec,exit_code,prior_net_s0_01,test_stoch_01_asrun,test_ens_01_asrun,seed_eval_applied,cert_risk_01_nounion,cert_risk_ce_nounion,n_prior_candidates
cifar10_bbb_learnt_cnn_seed0,2.0,cifar10,cnn,bbb,learnt,0,50000,50000,25000,50000,25000,1.0,0.5,False,958945b25853cd22ede274567802257d,0.025,0.005,0.005,0.99,2000,82942.484375,3.317699375,0.0577344,0.014400388973158304,0.07756616191533333,0.025638008469830945,0.9795842160225448,0.97061652075717,0.2445,0.2181,0.2055,0.2752,0.0,100,70,0.005,0.005,0.03,0.1,4068.0,0,0.00124,0.24550000000000005,0.20379999999999998,True,0.9795780898121622,0.9706081815519121,999
cifar10_bbb_learnt_cnn_seed1,2.0,cifar10,cnn,bbb,learnt,1,50000,50000,25000,50000,25000,1.0,0.5,False,69f72b3772a18c4c8629962be294b39a,0.025,0.005,0.005,0.99,2000,85167.6015625,3.4067040625,0.05941606,0.014942133855350447,0.07948460639319482,0.026344866307714435,0.9817122494525743,0.9733237298969107,0.24,0.2163,0.203,0.27969999999999995,0.0,100,70,0.005,0.005,0.03,0.1,4059.4,0,0.00048,0.24309999999999998,0.20409999999999995,True,0.9817067511607898,0.9733161539334914,999
cifar10_bbb_learnt_cnn_seed2,2.0,cifar10,cnn,bbb,learnt,2,50000,50000,25000,50000,25000,1.0,0.5,False,27dabb5a38a548353b80d55355639d19,0.025,0.005,0.005,0.99,2000,84250.6953125,3.3700278125,0.0560197,0.013986414251295607,0.07560562269507248,0.025095672698174868,0.9804472116059046,0.97204224243091,0.2382,0.2181,0.2029,0.264,0.0,100,70,0.005,0.005,0.03,0.1,4033.1,0,0.00072,0.23860000000000003,0.19930000000000003,True,0.9804413575144292,0.9720343127145011,999
cifar10_bbb_learnt_cnn_seed3,2.0,cifar10,cnn,bbb,learnt,3,50000,50000,25000,50000,25000,1.0,0.5,False,c98e02308d68add367a80cf93452ef72,0.025,0.005,0.005,0.99,2000,86219.3515625,3.4487740625,0.0584056,0.0145849166766298,0.0783323724596367,0.025879134074407728,0.9823880273084671,0.9743637255792946,0.2557,0.2214,0.2094,0.27949999999999997,0.0,100,70,0.005,0.005,0.03,0.1,4020.1,0,0.00088,0.25,0.20740000000000003,True,0.9823827392625486,0.9743564487624977,999
cifar10_bbb_learnt_cnn_seed4,2.0,cifar10,cnn,bbb,learnt,4,50000,50000,25000,50000,25000,1.0,0.5,False,2ffa16f18ba2a3e9fac095ebfb7ad981,0.025,0.005,0.005,0.99,2000,80220.9375,3.2088375,0.05345,0.013357575788085387,0.07265875678516726,0.024268018527246863,0.9762462970670924,0.9668130357646111,0.2274,0.2072,0.1947,0.26180000000000003,0.0,100,70,0.005,0.005,0.03,0.1,4027.2,0,0.00056,0.23060000000000003,0.19479999999999997,True,0.9762392058715952,0.9668036297956158,999
cifar10_fclassic_learnt_cnn_seed0,2.0,cifar10,cnn,fclassic,learnt,0,50000,50000,25000,50000,25000,1.0,0.5,False,958945b25853cd22ede274567802257d,0.025,0.005,0.005,0.99,2000,265.2996826171875,0.0106119873046875,0.28133462,0.08821069106334291,0.31696480549969686,0.1118015994113007,0.389386213649433,0.1649680210677363,0.2865,0.261,0.2391,0.2752,0.0,100,70,0.005,0.005,0.03,0.1,4032.7,0,0.00124,0.2925,0.24009999999999998,True,0.38847383728520535,0.16424859198632275,999
cifar10_fclassic_learnt_cnn_seed1,2.0,cifar10,cnn,fclassic,learnt,1,50000,50000,25000,50000,25000,1.0,0.5,False,69f72b3772a18c4c8629962be294b39a,0.025,0.005,0.005,0.99,2000,300.2704162597656,0.012010816650390626,0.28665032,0.08914191159210264,0.3224558312307585,0.112832976835565,0.3995836663869293,0.16971892844911926,0.294,0.2692,0.251,0.27969999999999995,0.0,100,70,0.005,0.005,0.03,0.1,4050.7,0,0.00048,0.3035,0.25149999999999995,True,0.39871976342615,0.1690315171662677,999
cifar10_fclassic_learnt_cnn_seed2,2.0,cifar10,cnn,fclassic,learnt,2,50000,50000,25000,50000,25000,1.0,0.5,False,27dabb5a38a548353b80d55355639d19,0.025,0.005,0.005,0.99,2000,310.35919189453125,0.01241436767578125,0.28124534,0.08803346348749312,0.3168725299058785,0.11160522775990883,0.39499775246010815,0.16926523258195186,0.2918,0.2558,0.2408,0.264,0.0,100,70,0.005,0.005,0.03,0.1,4044.7,0,0.00072,0.2924,0.23919999999999997,True,0.3941483776851497,0.16858859828746192,999
cifar10_fclassic_learnt_cnn_seed3,2.0,cifar10,cnn,fclassic,learnt,3,50000,50000,25000,50000,25000,1.0,0.5,False,c98e02308d68add367a80cf93452ef72,0.025,0.005,0.005,0.99,2000,280.1631164550781,0.011206524658203125,0.29078824,0.09053933414370705,0.32672614530898014,0.11437934953942713,0.401489752220365,0.1695087393984826,0.3014,0.2691,0.2528,0.27949999999999997,0.0,100,70,0.005,0.005,0.03,0.1,4049.3,0,0.00088,0.29969999999999997,0.2511,True,0.4005967922735295,0.16879988602695767,999
cifar10_fclassic_learnt_cnn_seed4,2.0,cifar10,cnn,fclassic,learnt,4,50000,50000,25000,50000,25000,1.0,0.5,False,2ffa16f18ba2a3e9fac095ebfb7ad981,0.025,0.005,0.005,0.99,2000,305.0940246582031,0.012203760986328124,0.26873634,0.08568500257275759,0.3039268639136187,0.10900055218726917,0.3807843569030397,0.16567706835129456,0.2771,0.2523,0.2355,0.26180000000000003,0.0,100,70,0.005,0.005,0.03,0.1,4043.0,0,0.00056,0.2751,0.23660000000000003,True,0.3799324439395079,0.16500033564709854,999
cifar10_fquad_learnt_cnn13_seed0,2.0,cifar10,cnn13,fquad,learnt,0,50000,50000,25000,50000,25000,1.0,0.5,False,958945b25853cd22ede274567802257d,0.025,0.005,0.005,0.99,2000,1139.3189697265625,0.0455727587890625,0.20905132,0.058215624520055756,0.24164994548496507,0.07811557377024031,0.384915411558129,0.1850485329053752,0.2174,0.1794,0.1717,0.1955,0.0,100,70,0.005,0.005,0.03,0.1,6630.2,0,0.005,0.21530000000000005,0.16979999999999995,True,0.3844582291061262,0.18465852030671845,999
cifar10_fquad_learnt_cnn13_seed1,2.0,cifar10,cnn13,fquad,learnt,1,50000,50000,25000,50000,25000,1.0,0.5,False,69f72b3772a18c4c8629962be294b39a,0.025,0.005,0.005,0.99,2000,1280.1058349609375,0.0512042333984375,0.20857188,0.05867912829757905,0.24114591396481283,0.07864442684711255,0.39341213085050447,0.193579099391816,0.2247,0.1817,0.1718,0.19989999999999997,0.0,100,70,0.005,0.005,0.03,0.1,6560.1,0,0.00484,0.2178,0.17190000000000005,True,0.3929786135445351,0.19320352753754663,999
cifar10_fquad_learnt_cnn13_seed2,2.0,cifar10,cnn13,fquad,learnt,2,50000,50000,25000,50000,25000,1.0,0.5,False,27dabb5a38a548353b80d55355639d19,0.025,0.005,0.005,0.99,2000,1143.3642578125,0.0457345703125,0.20882402,0.05878971192113332,0.2414109950003615,0.07877055461001475,0.3849160443381304,0.18618667006400708,0.216,0.1757,0.17,0.19379999999999997,0.0,100,70,0.005,0.005,0.03,0.1,6553.6,0,0.0026,0.21499999999999997,0.16779999999999995,True,0.38445962714251747,0.18579656979925593,999
cifar10_fquad_learnt_cnn13_seed3,2.0,cifar10,cnn13,fquad,learnt,3,50000,50000,25000,50000,25000,1.0,0.5,False,c98e02308d68add367a80cf93452ef72,0.025,0.005,0.005,0.99,2000,1238.9249267578125,0.0495569970703125,0.20484492,0.057658984218658706,0.23722552379653158,0.07748002844404119,0.3864228784492791,0.18969717944608075,0.2154,0.177,0.1682,0.1945,0.0,100,70,0.005,0.005,0.03,0.1,6536.8,0,0.0046,0.21940000000000004,0.17069999999999996,True,0.38598328255461756,0.18931840179265363,999
cifar10_fquad_learnt_cnn13_seed4,2.0,cifar10,cnn13,fquad,learnt,4,50000,50000,25000,50000,25000,1.0,0.5,False,2ffa16f18ba2a3e9fac095ebfb7ad981,0.025,0.005,0.005,0.99,2000,1147.9195556640625,0.0459167822265625,0.21357438,0.05929154295603035,0.24640178192578704,0.07934269960947844,0.3907732927767177,0.1872375682765985,0.2273,0.1818,0.1747,0.1997,0.0,100,70,0.005,0.005,0.03,0.1,6566.0,0,0.00448,0.22709999999999997,0.17190000000000005,True,0.39031709617828464,0.1868475120085255,999
cifar10_fquad_learnt_cnn15_seed1,2.0,cifar10,cnn15,fquad,learnt,1,50000,50000,25000,50000,25000,1.0,0.5,False,69f72b3772a18c4c8629962be294b39a,0.025,0.005,0.005,0.99,2000,1186.40380859375,0.04745615234375,0.33656482,0.08314114205254362,0.37374095809128977,0.1061736978249383,0.5283515382995695,0.22560172044955168,0.338,0.2795,0.2753,0.2935,0.0,100,70,0.005,0.005,0.03,0.1,8097.8,0,0.22808,0.3405,0.27569999999999995,True,0.5279055896000433,0.22519714948757205,999
cifar10_fquad_learnt_cnn15_seed2,2.0,cifar10,cnn15,fquad,learnt,2,50000,50000,25000,50000,25000,1.0,0.5,False,27dabb5a38a548353b80d55355639d19,0.025,0.005,0.005,0.99,2000,1251.8623046875,0.0500744921875,0.25294758,0.06596095949243927,0.28753726772045074,0.0869133623787995,0.4425072759447427,0.20350542859775173,0.2604,0.2025,0.2037,0.22760000000000002,0.0,100,70,0.005,0.005,0.03,0.1,8150.7,0,0.09344,0.25239999999999996,0.20230000000000004,True,0.44206690483461214,0.2031209829910729,999
cifar10_fquad_learnt_cnn15_seed3,2.0,cifar10,cnn15,fquad,learnt,3,50000,50000,25000,50000,25000,1.0,0.5,False,c98e02308d68add367a80cf93452ef72,0.025,0.005,0.005,0.99,2000,1452.53466796875,0.05810138671875,0.24476236,0.06434904073179616,0.2790177407493987,0.08508905658188709,0.4456277151666112,0.21183435275751625,0.2556,0.1976,0.1955,0.22440000000000004,0.0,100,70,0.005,0.005,0.03,0.1,8217.3,0,0.0772,0.25229999999999997,0.19540000000000002,True,0.44521760334602684,0.2114701297402136,999
cifar10_fquad_learnt_cnn_seed0,2.0,cifar10,cnn,fquad,learnt,0,50000,50000,25000,50000,25000,1.0,0.5,False,958945b25853cd22ede274567802257d,0.025,0.005,0.005,0.99,2000,810.3110961914062,0.03241244384765625,0.26454628,0.07443953200604064,0.29958286418639923,0.09645777881489377,0.42441017028783545,0.18962866671172723,0.2788,0.2564,0.2314,0.2752,0.0,100,70,0.005,0.005,0.03,0.1,4037.7,0,0.00124,0.2821,0.23119999999999996,True,0.4238684266469056,0.18917230805867855,999
cifar10_fquad_learnt_cnn_seed1,2.0,cifar10,cnn,fquad,learnt,1,50000,50000,25000,50000,25000,1.0,0.5,False,69f72b3772a18c4c8629962be294b39a,0.025,0.005,0.005,0.99,2000,866.5946044921875,0.0346637841796875,0.2689802,0.07543535537258596,0.3041795628982925,0.09757352906248602,0.43364088304231324,0.19474820680015265,0.2819,0.2581,0.2403,0.27969999999999995,0.0,100,70,0.005,0.005,0.03,0.1,4033.1,0,0.00048,0.29269999999999996,0.23939999999999995,True,0.43311579030953273,0.19430172131008647,999
cifar10_fquad_learnt_cnn_seed2,2.0,cifar10,cnn,fquad,learnt,2,50000,50000,25000,50000,25000,1.0,0.5,False,27dabb5a38a548353b80d55355639d19,0.025,0.005,0.005,0.99,2000,842.2195434570312,0.03368878173828125,0.2656908,0.0748888840595182,0.3007698221914933,0.09696137552324598,0.42815022975620826,0.19237290856557915,0.2826,0.246,0.2306,0.264,0.0,100,70,0.005,0.005,0.03,0.1,4036.7,0,0.00072,0.2861,0.22970000000000002,True,0.427618183336142,0.19192237522515548,999
cifar10_fquad_learnt_cnn_seed3,2.0,cifar10,cnn,fquad,learnt,3,50000,50000,25000,50000,25000,1.0,0.5,False,c98e02308d68add367a80cf93452ef72,0.025,0.005,0.005,0.99,2000,807.85400390625,0.03231416015625,0.27446888,0.07742446134724051,0.3098637275129631,0.09979910524122809,0.4351405253422293,0.19377738134153705,0.2907,0.2596,0.243,0.27949999999999997,0.0,100,70,0.005,0.005,0.03,0.1,4032.8,0,0.00088,0.2895,0.24309999999999998,True,0.43459738329517944,0.19331740338945522,999
cifar10_fquad_learnt_cnn_seed4,2.0,cifar10,cnn,fquad,learnt,4,50000,50000,25000,50000,25000,1.0,0.5,False,2ffa16f18ba2a3e9fac095ebfb7ad981,0.025,0.005,0.005,0.99,2000,889.0250854492188,0.03556100341796875,0.25244204,0.07150610808865987,0.2870115411012305,0.09316488750351687,0.4169769197862198,0.19042552113629915,0.2671,0.2425,0.2258,0.26180000000000003,0.0,100,70,0.005,0.005,0.03,0.1,4041.3,0,0.00056,0.26759999999999995,0.2258,True,0.41645920200559433,0.1899870142388555,999
cifar10_fquad_rand_cnn_seed0,2.0,cifar10,cnn,fquad,rand,0,50000,50000,0,50000,50000,1.0,0.5,True,f0beba2f3133ca15ab6c0d9d4439a237,0.025,0.005,0.005,0.99,2000,15.161417007446289,0.0003032283401489258,0.89760264,0.20077802182652663,0.9194765675508486,0.2329429017400439,0.9290585984706222,0.24864344417688827,0.8957,0.9,0.8942,0.9,0.0,100,0,0.005,0.005,0.03,0.1,4980.4,0,,0.8968,0.8889,True,0.9280491761087755,0.2469076008836521,999
cifar10_fquad_rand_cnn_seed1,2.0,cifar10,cnn,fquad,rand,1,50000,50000,0,50000,50000,1.0,0.5,True,f0beba2f3133ca15ab6c0d9d4439a237,0.025,0.005,0.005,0.99,2000,14.3270902633667,0.000286541805267334,0.89903627,0.20079591868479588,0.9207588284211953,0.23296175870048103,0.9301524630106673,0.2484629450709876,0.9006,0.9,0.8966,0.9,0.0,100,0,0.005,0.005,0.03,0.1,5021.5,0,,0.899,0.8988,True,0.9291357762818904,0.2467029129741197,999
cifar10_fquad_rand_cnn_seed2,2.0,cifar10,cnn,fquad,rand,2,50000,50000,0,50000,50000,1.0,0.5,True,f0beba2f3133ca15ab6c0d9d4439a237,0.025,0.005,0.005,0.99,2000,14.147472381591797,0.00028294944763183595,0.89833149,0.20061544940939563,0.9201286411275675,0.23277160349614698,0.9295331827659998,0.24822529492711295,0.896,0.9,0.8994,0.9,0.0,100,0,0.005,0.005,0.03,0.1,4995.1,0,,0.906,0.8986,True,0.9285090063898876,0.24646037988525124,999
cifar10_fquad_rand_cnn_seed3,2.0,cifar10,cnn,fquad,rand,3,50000,50000,0,50000,50000,1.0,0.5,True,f0beba2f3133ca15ab6c0d9d4439a237,0.025,0.005,0.005,0.99,2000,13.700597763061523,0.00027401195526123047,0.89823399,0.20069814343187384,0.9200414330504921,0.23285873698518061,0.9293883973627085,0.24820603642275912,0.8989,0.9,0.9033,0.9,0.0,100,0,0.005,0.005,0.03,0.1,5026.4,0,,0.8984,0.9017,True,0.9283550072167708,0.24642742185407548,999
cifar10_fquad_rand_cnn_seed4,2.0,cifar10,cnn,fquad,rand,4,50000,50000,0,50000,50000,1.0,0.5,True,f0beba2f3133ca15ab6c0d9d4439a237,0.025,0.005,0.005,0.99,2000,14.331881523132324,0.00028663763046264646,0.89927239,0.20091540061549037,0.920969879968346,0.23308764794709522,0.9303521162020495,0.248592749725807,0.8977,0.9,0.8984,0.9,0.0,100,0,0.005,0.005,0.03,0.1,4993.7,0,,0.8919,0.9011,True,0.9293368877825726,0.24683256104425738,999
fashion-mnist_bbb_learnt_fcn_seed0,2.0,fashion-mnist,fcn,bbb,learnt,0,60000,60000,30000,60000,30000,1.0,0.5,False,067078f63b371b03018ec2a5855a6b18,0.025,0.005,0.005,0.99,2000,21488.9921875,0.7162997395833334,0.06981611666666666,0.015835778991141428,0.09126344974628238,0.02750419264482379,0.661604753347242,0.5729891118082157,0.1111,0.1025,0.1001,0.11950000000000005,0.0,100,70,0.005,0.005,0.03,0.1,1062.3,0,0.023133,0.11040000000000005,0.09989999999999999,True,0.6615143668470729,0.5728858333274719,999
fashion-mnist_bbb_learnt_fcn_seed1,2.0,fashion-mnist,fcn,bbb,learnt,1,60000,60000,30000,60000,30000,1.0,0.5,False,3d124738b9d0dc4b394f2281158411d9,0.025,0.005,0.005,0.99,2000,21692.73046875,0.723091015625,0.07080971666666666,0.016216318703235182,0.09238176018295213,0.02799548148042924,0.6655535714626982,0.5768688815583798,0.1097,0.1,0.0996,0.1169,0.0,100,70,0.005,0.005,0.03,0.1,1085.3,0,0.021967,0.10770000000000002,0.09999999999999998,True,0.665464150303735,0.5767664845694304,999
fashion-mnist_bbb_learnt_fcn_seed2,2.0,fashion-mnist,fcn,bbb,learnt,2,60000,60000,30000,60000,30000,1.0,0.5,False,92b9a7a9154533b20f1b50c273513fe7,0.025,0.005,0.005,0.99,2000,21220.998046875,0.7073666015625,0.0692642,0.016111959453368126,0.09064176660956308,0.027860887139102678,0.6573486000729225,0.5695824177238619,0.1125,0.1018,0.0993,0.11980000000000002,0.0,100,70,0.005,0.005,0.03,0.1,1027.5,0,0.025967,0.10970000000000002,0.0998,True,0.6572570823065531,0.5694782152877838,999
fashion-mnist_bbb_learnt_fcn_seed3,2.0,fashion-mnist,fcn,bbb,learnt,3,60000,60000,30000,60000,30000,1.0,0.5,False,9b278676f0810cc603db6295c06dd133,0.025,0.005,0.005,0.99,2000,22068.501953125,0.7356167317708333,0.06991151666666667,0.01608907143932895,0.09137087310455157,0.027831354267219666,0.6692200587958184,0.5821217975580382,0.1139,0.1042,0.0997,0.11539999999999995,0.0,100,70,0.005,0.005,0.03,0.1,1078.1,0,0.0258,0.11319999999999997,0.10070000000000001,True,0.6691318506247266,0.5820207482444156,999
fashion-mnist_bbb_learnt_fcn_seed4,2.0,fashion-mnist,fcn,bbb,learnt,4,60000,60000,30000,60000,30000,1.0,0.5,False,8dcf59bb2b2100fc98259e76fe088c00,0.025,0.005,0.005,0.99,2000,21560.662109375,0.7186887369791667,0.06955315,0.015832540450686754,0.09096728640241676,0.027500005638827207,0.6621963250083917,0.5740520444700343,0.1119,0.1005,0.0978,0.11339999999999995,0.0,100,70,0.005,0.005,0.03,0.1,1027.4,0,0.0288,0.11099999999999999,0.09830000000000005,True,0.6621061562049871,0.573949033485097,999
fashion-mnist_fclassic_learnt_fcn_seed0,2.0,fashion-mnist,fcn,fclassic,learnt,0,60000,60000,30000,60000,30000,1.0,0.5,False,067078f63b371b03018ec2a5855a6b18,0.025,0.005,0.005,0.99,2000,27.12995147705078,0.0009043317159016927,0.11181278333333333,0.035685356665529515,0.13774100657877802,0.05193087762524635,0.15737477716005638,0.06501472253901935,0.1228,0.1148,0.1122,0.11950000000000005,0.0,100,70,0.005,0.005,0.03,0.1,1144.5,0,0.023133,0.121,0.11240000000000006,True,0.15575981500950617,0.0639065484741886,999
fashion-mnist_fclassic_learnt_fcn_seed1,2.0,fashion-mnist,fcn,fclassic,learnt,1,60000,60000,30000,60000,30000,1.0,0.5,False,3d124738b9d0dc4b394f2281158411d9,0.025,0.005,0.005,0.99,2000,27.450042724609375,0.0009150014241536458,0.11345543333333333,0.0362116987007951,0.13953232049169637,0.052556023563323284,0.15933740582319564,0.06575719899255178,0.1178,0.1125,0.1084,0.1169,0.0,100,70,0.005,0.005,0.03,0.1,1094.9,0,0.021967,0.12060000000000004,0.10899999999999999,True,0.15772064900599134,0.06464748791954728,999
fashion-mnist_fclassic_learnt_fcn_seed2,2.0,fashion-mnist,fcn,fclassic,learnt,2,60000,60000,30000,60000,30000,1.0,0.5,False,92b9a7a9154533b20f1b50c273513fe7,0.025,0.005,0.005,0.99,2000,23.0211238861084,0.0007673707962036133,0.11107683333333333,0.03457400125963759,0.13693791496383353,0.05060815740432518,0.15558337537181516,0.06290442336592135,0.1224,0.1166,0.1139,0.11980000000000002,0.0,100,70,0.005,0.005,0.03,0.1,1144.6,0,0.025967,0.123,0.11299999999999999,True,0.15389154014320802,0.061756427070051634,999
fashion-mnist_fclassic_learnt_fcn_seed3,2.0,fashion-mnist,fcn,fclassic,learnt,3,60000,60000,30000,60000,30000,1.0,0.5,False,9b278676f0810cc603db6295c06dd133,0.025,0.005,0.005,0.99,2000,25.89293670654297,0.000863097890218099,0.11314241666666666,0.035558482025440506,0.13919110153022105,0.051780063060366366,0.15862376411206122,0.06465501805177704,0.1219,0.1137,0.111,0.11539999999999995,0.0,100,70,0.005,0.005,0.03,0.1,1080.3,0,0.0258,0.12529999999999997,0.11119999999999997,True,0.1569796101070405,0.06353340594384099,999
fashion-mnist_fclassic_learnt_fcn_seed4,2.0,fashion-mnist,fcn,fclassic,learnt,4,60000,60000,30000,60000,30000,1.0,0.5,False,8dcf59bb2b2100fc98259e76fe088c00,0.025,0.005,0.005,0.99,2000,27.48934555053711,0.000916311518351237,0.11402115,0.03577892797331437,0.1401488575074798,0.05204207400866595,0.15999677084949102,0.06519358815653592,0.117,0.1103,0.1065,0.11339999999999995,0.0,100,70,0.005,0.005,0.03,0.1,1151.7,0,0.0288,0.12039999999999995,0.10809999999999997,True,0.15837813912188453,0.06408863697146477,999
fashion-mnist_fquad_learnt_cnn_seed0,2.0,fashion-mnist,cnn,fquad,learnt,0,60000,60000,30000,60000,30000,1.0,0.5,False,067078f63b371b03018ec2a5855a6b18,0.025,0.005,0.005,0.99,2000,401.6055908203125,0.01338685302734375,0.08385936666666667,0.02584751144792466,0.10697241014111997,0.04007080944396785,0.16582443038354716,0.0816575591073679,0.0924,0.0864,0.0847,0.0857,0.0,100,70,0.005,0.005,0.03,0.1,1587.5,0,0.000133,0.09350000000000003,0.08389999999999997,True,0.16528151072756989,0.08124129521885365,999
fashion-mnist_fquad_learnt_cnn_seed1,2.0,fashion-mnist,cnn,fquad,learnt,1,60000,60000,30000,60000,30000,1.0,0.5,False,3d124738b9d0dc4b394f2281158411d9,0.025,0.005,0.005,0.99,2000,507.9667663574219,0.016932225545247395,0.08395101666666667,0.026553164073230297,0.10707429727221147,0.040934393876378594,0.173904217779396,0.08902436099806905,0.0932,0.087,0.0838,0.0867,0.0,100,70,0.005,0.005,0.03,0.1,1624.1,0,0.000167,0.0947,0.0837,True,0.173408027375564,0.08863530017573201,999
fashion-mnist_fquad_learnt_cnn_seed2,2.0,fashion-mnist,cnn,fquad,learnt,2,60000,60000,30000,60000,30000,1.0,0.5,False,92b9a7a9154533b20f1b50c273513fe7,0.025,0.005,0.005,0.99,2000,394.12786865234375,0.013137595621744791,0.08196215,0.02554274089955517,0.10486155841630047,0.03969710112318465,0.16272342050793148,0.08069794214858822,0.0908,0.085,0.0805,0.08579999999999999,0.0,100,70,0.005,0.005,0.03,0.1,1590.7,0,0.000167,0.09319999999999995,0.08179999999999998,True,0.16217949347081503,0.08028023426329173,999
fashion-mnist_fquad_learnt_cnn_seed3,2.0,fashion-mnist,cnn,fquad,learnt,3,60000,60000,30000,60000,30000,1.0,0.5,False,9b278676f0810cc603db6295c06dd133,0.025,0.005,0.005,0.99,2000,377.6765441894531,0.012589218139648438,0.08377403333333333,0.02590292177229726,0.1068775384214688,0.04013870564385342,0.16381516392867773,0.08029745829916675,0.0971,0.0881,0.0837,0.08709999999999996,0.0,100,70,0.005,0.005,0.03,0.1,1577.5,0,3.3e-05,0.09699999999999998,0.08440000000000003,True,0.16325933346688587,0.07987286304194748,999
fashion-mnist_fquad_learnt_cnn_seed4,2.0,fashion-mnist,cnn,fquad,learnt,4,60000,60000,30000,60000,30000,1.0,0.5,False,8dcf59bb2b2100fc98259e76fe088c00,0.025,0.005,0.005,0.99,2000,435.2973937988281,0.014509913126627604,0.08564298333333334,0.025949813533003102,0.10895390519591837,0.04019615237284219,0.17079243286294793,0.08382971326303074,0.092,0.0867,0.0832,0.08699999999999997,0.0,100,70,0.005,0.005,0.03,0.1,1580.4,0,0.000467,0.09079999999999999,0.08220000000000005,True,0.1702635583092332,0.08342347940120416,999
fashion-mnist_fquad_learnt_fcn_seed0,2.0,fashion-mnist,fcn,fquad,learnt,0,60000,60000,30000,60000,30000,1.0,0.5,False,067078f63b371b03018ec2a5855a6b18,0.025,0.005,0.005,0.99,2000,160.54928588867188,0.005351642862955729,0.1083804,0.03177192563538374,0.13399259014560755,0.047255579504630274,0.17400263362125465,0.07405196199020432,0.1208,0.113,0.111,0.11950000000000005,0.0,100,70,0.005,0.005,0.03,0.1,1060.9,0,0.023133,0.1199,0.11129999999999995,True,0.17316847538627161,0.07345844198006451,999
fashion-mnist_fquad_learnt_fcn_seed1,2.0,fashion-mnist,fcn,fquad,learnt,1,60000,60000,30000,60000,30000,1.0,0.5,False,3d124738b9d0dc4b394f2281158411d9,0.025,0.005,0.005,0.99,2000,163.9794464111328,0.0054659815470377605,0.10993366666666667,0.03212620800347567,0.13568978857082742,0.04768092785634698,0.176293654873625,0.07486404132476626,0.1162,0.1089,0.1061,0.1169,0.0,100,70,0.005,0.005,0.03,0.1,1043.4,0,0.021967,0.11719999999999997,0.10650000000000004,True,0.17546331684472877,0.07427315558929333,999
fashion-mnist_fquad_learnt_fcn_seed2,2.0,fashion-mnist,fcn,fquad,learnt,2,60000,60000,30000,60000,30000,1.0,0.5,False,92b9a7a9154533b20f1b50c273513fe7,0.025,0.005,0.005,0.99,2000,144.2677459716797,0.004808924865722656,0.10777446666666667,0.030987978757579478,0.13333009123685677,0.04631279285231089,0.17128085231970397,0.071493626066179,0.1207,0.1143,0.1092,0.11980000000000002,0.0,100,70,0.005,0.005,0.03,0.1,1050.5,0,0.025967,0.12090000000000001,0.10940000000000005,True,0.17041153551060648,0.07088165694721422,999
fashion-mnist_fquad_learnt_fcn_seed3,2.0,fashion-mnist,fcn,fquad,learnt,3,60000,60000,30000,60000,30000,1.0,0.5,False,9b278676f0810cc603db6295c06dd133,0.025,0.005,0.005,0.99,2000,147.8164520263672,0.004927215067545573,0.109742,0.03188666374087473,0.13548044393006958,0.04739338129712628,0.17409654786693646,0.07311805593897132,0.1209,0.1124,0.1088,0.11539999999999995,0.0,100,70,0.005,0.005,0.03,0.1,1057.2,0,0.0258,0.12350000000000005,0.10940000000000005,True,0.1732312888600359,0.07250659006454557,999
fashion-mnist_fquad_learnt_fcn_seed4,2.0,fashion-mnist,fcn,fquad,learnt,4,60000,60000,30000,60000,30000,1.0,0.5,False,8dcf59bb2b2100fc98259e76fe088c00,0.025,0.005,0.005,0.99,2000,173.07879638671875,0.005769293212890625,0.11010831666666666,0.03164514124146192,0.1358805269363363,0.04710325587445591,0.17757867436905247,0.07491959443837531,0.1145,0.1057,0.104,0.11339999999999995,0.0,100,70,0.005,0.005,0.03,0.1,1056.5,0,0.0288,0.118,0.10529999999999995,True,0.17676585090950753,0.07434200150751885,999
fashion-mnist_fquad_rand_fcn_seed0,2.0,fashion-mnist,fcn,fquad,rand,0,60000,60000,0,60000,60000,1.0,0.5,True,fe28b7738673afcf370b87dedfc4c0df,0.025,0.005,0.005,0.99,2000,5152.54248046875,0.0858757080078125,0.215363775,0.051922370968974625,0.24828009524012992,0.07090168654392921,0.4487209349542602,0.22450924572332037,0.2219,0.1979,0.1828,0.885,0.0,100,0,0.005,0.005,0.03,0.1,984.3,0,,0.2198,0.18269999999999997,True,0.4485788246455135,0.22437874411050127,999
fashion-mnist_fquad_rand_fcn_seed1,2.0,fashion-mnist,fcn,fquad,rand,1,60000,60000,0,60000,60000,1.0,0.5,True,fe28b7738673afcf370b87dedfc4c0df,0.025,0.005,0.005,0.99,2000,5300.5009765625,0.08834168294270833,0.21071118333333333,0.05084860752229367,0.24339443878563935,0.06966420956279634,0.44629230461131425,0.22541225479418556,0.2184,0.189,0.18,0.9027000000000001,0.0,100,0,0.005,0.005,0.03,0.1,1009.8,0,,0.22460000000000002,0.18310000000000004,True,0.4461520613069356,0.22528318038413517,999
fashion-mnist_fquad_rand_fcn_seed2,2.0,fashion-mnist,fcn,fquad,rand,2,60000,60000,0,60000,60000,1.0,0.5,True,fe28b7738673afcf370b87dedfc4c0df,0.025,0.005,0.005,0.99,2000,5307.4658203125,0.088457763671875,0.21279151666666668,0.05109831883642871,0.24557973515645468,0.06995217725765886,0.44887533657277057,0.22598041601606916,0.2231,0.1898,0.1803,0.9589,0.0,100,0,0.005,0.005,0.03,0.1,1028.9,0,,0.22409999999999997,0.18069999999999997,True,0.4487352141932823,0.2258513433829616,999
fashion-mnist_fquad_rand_fcn_seed3,2.0,fashion-mnist,fcn,fquad,rand,3,60000,60000,0,60000,60000,1.0,0.5,True,fe28b7738673afcf370b87dedfc4c0df,0.025,0.005,0.005,0.99,2000,5206.99267578125,0.08678321126302084,0.21358965833333332,0.05144869789380037,0.2464178232517535,0.07035604678822367,0.44776325106730697,0.22470989409836112,0.2334,0.1851,0.1824,0.8804,0.0,100,0,0.005,0.005,0.03,0.1,1004.2,0,,0.21740000000000004,0.18300000000000005,True,0.44762183644421943,0.22457994136338075,999
fashion-mnist_fquad_rand_fcn_seed4,2.0,fashion-mnist,fcn,fquad,rand,4,60000,60000,0,60000,60000,1.0,0.5,True,fe28b7738673afcf370b87dedfc4c0df,0.025,0.005,0.005,0.99,2000,5217.35693359375,0.08695594889322916,0.21405196666666668,0.051329618824110544,0.24690318814744291,0.07021881313905894,0.4485164301789157,0.22469671743648276,0.2303,0.1836,0.1813,0.902,0.0,100,0,0.005,0.005,0.03,0.1,980.5,0,,0.22440000000000004,0.18130000000000002,True,0.44837515883707274,0.22456687454030808,999
mnist_bbb_learnt_fcn_seed0,2.0,mnist,fcn,bbb,learnt,0,60000,60000,30000,60000,30000,1.0,0.5,False,067078f63b371b03018ec2a5855a6b18,0.025,0.005,0.005,0.99,2000,7476.14013671875,0.24920467122395834,0.005874566666666667,0.0014814950388607325,0.013895282840548917,0.006698981881982868,0.26574722287412145,0.24611664745595116,0.0191,0.0151,0.0154,0.021100000000000008,0.0,100,70,0.005,0.005,0.03,0.1,1047.7,0,3.3e-05,0.018900000000000028,0.016100000000000003,True,0.2655688279008321,0.24593820527021712,999
mnist_bbb_learnt_fcn_seed1,2.0,mnist,fcn,bbb,learnt,1,60000,60000,30000,60000,30000,1.0,0.5,False,3d124738b9d0dc4b394f2281158411d9,0.025,0.005,0.005,0.99,2000,7365.7265625,0.24552421875,0.005926983333333333,0.001495585041074123,0.013973044277005022,0.006726162440890139,0.2630847485949192,0.24334020270725681,0.0175,0.0149,0.0148,0.019299999999999984,0.0,100,70,0.005,0.005,0.03,0.1,1035.9,0,0.0,0.019499999999999962,0.014599999999999946,True,0.2629055506746442,0.24316102550185253,999
mnist_bbb_learnt_fcn_seed2,2.0,mnist,fcn,bbb,learnt,2,60000,60000,30000,60000,30000,1.0,0.5,False,92b9a7a9154533b20f1b50c273513fe7,0.025,0.005,0.005,0.99,2000,7260.58544921875,0.24201951497395832,0.00544705,0.0013638740085880178,0.013256737184513647,0.006469811919016134,0.2585407451854468,0.23983395199356633,0.0186,0.0141,0.014,0.020299999999999985,0.0,100,70,0.005,0.005,0.03,0.1,1059.6,0,6.7e-05,0.01970000000000005,0.013700000000000045,True,0.2583607915173002,0.23965406751515922,999
mnist_bbb_learnt_fcn_seed3,2.0,mnist,fcn,bbb,learnt,3,60000,60000,30000,60000,30000,1.0,0.5,False,9b278676f0810cc603db6295c06dd133,0.025,0.005,0.005,0.99,2000,7864.61865234375,0.262153955078125,0.0060075,0.0014945135137174135,0.014092277974105005,0.006724097355284287,0.2761960297803951,0.25615549707822777,0.0191,0.0147,0.0145,0.019299999999999984,0.0,100,70,0.005,0.005,0.03,0.1,1038.7,0,0.0,0.01959999999999995,0.014599999999999946,True,0.27602040813316175,0.2559796063853969,999
mnist_bbb_learnt_fcn_seed4,2.0,mnist,fcn,bbb,learnt,4,60000,60000,30000,60000,30000,1.0,0.5,False,8dcf59bb2b2100fc98259e76fe088c00,0.025,0.005,0.005,0.99,2000,7450.44970703125,0.24834832356770833,0.005935166666666667,0.0014811233412061614,0.013985174446716042,0.006698264092944661,0.26530928147496663,0.2454505219725171,0.0192,0.0156,0.0155,0.019000000000000017,0.0,100,70,0.005,0.005,0.03,0.1,1063.5,0,6.7e-05,0.019199999999999995,0.01539999999999997,True,0.2651306999429898,0.2452719090774654,999
mnist_fclassic_learnt_fcn_seed0,2.0,mnist,fcn,fclassic,learnt,0,60000,60000,30000,60000,30000,1.0,0.5,False,067078f63b371b03018ec2a5855a6b18,0.025,0.005,0.005,0.99,2000,6.192733287811279,0.00020642444292704265,0.023294233333333334,0.010842259441068763,0.03692555819506155,0.020904596406351172,0.04501087944707177,0.027181242896744454,0.0247,0.0206,0.0204,0.021100000000000008,0.0,100,70,0.005,0.005,0.03,0.1,1129.9,0,3.3e-05,0.0252,0.02070000000000005,True,0.04369672897929061,0.026143076903872353,999
mnist_fclassic_learnt_fcn_seed1,2.0,mnist,fcn,fclassic,learnt,1,60000,60000,30000,60000,30000,1.0,0.5,False,3d124738b9d0dc4b394f2281158411d9,0.025,0.005,0.005,0.99,2000,6.01415491104126,0.00020047183036804198,0.0231473,0.01085529507763491,0.03674351282413208,0.020922274003320973,0.044779431402600496,0.0271761498240411,0.0237,0.0185,0.0193,0.019299999999999984,0.0,100,70,0.005,0.005,0.03,0.1,1129.4,0,0.0,0.0242,0.01970000000000005,True,0.04346287959441437,0.026133744093050307,999
mnist_fclassic_learnt_fcn_seed2,2.0,mnist,fcn,fclassic,learnt,2,60000,60000,30000,60000,30000,1.0,0.5,False,92b9a7a9154533b20f1b50c273513fe7,0.025,0.005,0.005,0.99,2000,7.005161285400391,0.000233505376180013,0.02321095,0.010670283523316499,0.03682238772336805,0.020671111307355605,0.04504040839489815,0.027029347816888538,0.023,0.0197,0.0194,0.020299999999999985,0.0,100,70,0.005,0.005,0.03,0.1,1083.6,0,6.7e-05,0.02429999999999999,0.01959999999999995,True,0.0437502423839305,0.02601286953889298,999
mnist_fclassic_learnt_fcn_seed3,2.0,mnist,fcn,fclassic,learnt,3,60000,60000,30000,60000,30000,1.0,0.5,False,9b278676f0810cc603db6295c06dd133,0.025,0.005,0.005,0.99,2000,6.916141033172607,0.0002305380344390869,0.024293966666666666,0.011496606751283825,0.038161078345354156,0.021788534570121365,0.04649481542748208,0.028284279971867058,0.0235,0.0191,0.0191,0.019299999999999984,0.0,100,70,0.005,0.005,0.03,0.1,1124.1,0,0.0,0.024599999999999955,0.019399999999999973,True,0.04518287699068496,0.027243854517116695,999
mnist_fclassic_learnt_fcn_seed4,2.0,mnist,fcn,fclassic,learnt,4,60000,60000,30000,60000,30000,1.0,0.5,False,8dcf59bb2b2100fc98259e76fe088c00,0.025,0.005,0.005,0.99,2000,7.0124077796936035,0.00023374692598978678,0.023995316666666665,0.010948484974985488,0.03779255104680396,0.021048565968881883,0.0461074057158532,0.027458971276775157,0.0253,0.0182,0.0189,0.019000000000000017,0.0,100,70,0.005,0.005,0.03,0.1,1085.0,0,6.7e-05,0.0242,0.01870000000000005,True,0.04480338554463853,0.026435107929748847,999
mnist_flamb_learnt_fcn_seed0,2.0,mnist,fcn,flamb,learnt,0,60000,60000,30000,60000,30000,1.0,0.5,False,067078f63b371b03018ec2a5855a6b18,0.025,0.005,0.005,0.99,2000,590.6707153320312,0.019689023844401042,0.01728015,0.005907315606113485,0.029361875915457084,0.013943879742227829,0.07662930984771882,0.051784528601102664,0.0214,0.0162,0.0169,0.021100000000000008,0.0,100,70,0.005,0.005,0.03,0.1,1895.0,0,3.3e-05,0.02090000000000003,0.017000000000000015,True,0.07628412417396907,0.05148541651993627,999
mnist_flamb_learnt_fcn_seed1,2.0,mnist,fcn,flamb,learnt,1,60000,60000,30000,60000,30000,1.0,0.5,False,3d124738b9d0dc4b394f2281158411d9,0.025,0.005,0.005,0.99,2000,597.0383911132812,0.019901279703776042,0.017178016666666667,0.005880257139707076,0.029231127984661823,0.013903730190809094,0.07674867690889403,0.051989098065509054,0.0209,0.0173,0.0172,0.019299999999999984,0.0,100,70,0.005,0.005,0.03,0.1,1821.3,0,0.0,0.021199999999999997,0.01649999999999996,True,0.07640482527299393,0.05169080348391647,999
mnist_flamb_learnt_fcn_seed2,2.0,mnist,fcn,flamb,learnt,2,60000,60000,30000,60000,30000,1.0,0.5,False,92b9a7a9154533b20f1b50c273513fe7,0.025,0.005,0.005,0.99,2000,612.9620971679688,0.020432069905598958,0.016824383333333335,0.005635556815006821,0.02877771937669621,0.013539264567363376,0.07684718372450677,0.05202865280438712,0.0206,0.0171,0.0163,0.020299999999999985,0.0,100,70,0.005,0.005,0.03,0.1,1877.3,0,6.7e-05,0.021299999999999986,0.016800000000000037,True,0.07650689873990675,0.05173329211957006,999
mnist_flamb_learnt_fcn_seed3,2.0,mnist,fcn,flamb,learnt,3,60000,60000,30000,60000,30000,1.0,0.5,False,9b278676f0810cc603db6295c06dd133,0.025,0.005,0.005,0.99,2000,624.6876220703125,0.020822920735677083,0.017906333333333333,0.006241575076462005,0.030161579720657864,0.014437474560728804,0.07952855199785475,0.05411805717471269,0.0211,0.0167,0.0171,0.019299999999999984,0.0,100,70,0.005,0.005,0.03,0.1,1904.8,0,0.0,0.022700000000000053,0.017299999999999982,True,0.0791866491826357,0.0538207139737778,999
mnist_flamb_learnt_fcn_seed4,2.0,mnist,fcn,flamb,learnt,4,60000,60000,30000,60000,30000,1.0,0.5,False,8dcf59bb2b2100fc98259e76fe088c00,0.025,0.005,0.005,0.99,2000,623.1041259765625,0.020770137532552083,0.01742705,0.005833429460189423,0.029549776951589172,0.013834176434966261,0.0785218283169517,0.0529852315727079,0.0214,0.0176,0.0163,0.019000000000000017,0.0,100,70,0.005,0.005,0.03,0.1,1862.0,0,6.7e-05,0.02180000000000004,0.01629999999999998,True,0.07818116085351219,0.0526898263291627,999
mnist_fquad_learnt_cnn_seed0,2.0,mnist,cnn,fquad,learnt,0,60000,60000,30000,60000,30000,1.0,0.5,False,067078f63b371b03018ec2a5855a6b18,0.025,0.005,0.005,0.99,2000,133.37925720214844,0.004445975240071615,0.010094416666666666,0.0036875341623627774,0.019885509321339867,0.010528297853262758,0.03726843741190617,0.024274617000621557,0.0095,0.0082,0.0083,0.00990000000000002,0.0,100,70,0.005,0.005,0.03,0.1,1561.2,0,0.0,0.010800000000000032,0.008499999999999952,True,0.03678956986058729,0.023875307145302675,999
mnist_fquad_learnt_cnn_seed1,2.0,mnist,cnn,fquad,learnt,1,60000,60000,30000,60000,30000,1.0,0.5,False,3d124738b9d0dc4b394f2281158411d9,0.025,0.005,0.005,0.99,2000,120.2858657836914,0.00400952885945638,0.010374716666666667,0.003673277615282542,0.020268637642322066,0.010505363440974249,0.03685900698427175,0.02347983989266672,0.0107,0.0103,0.01,0.0121,0.0,100,70,0.005,0.005,0.03,0.1,1574.5,0,3.3e-05,0.012299999999999978,0.010099999999999998,True,0.03636211057705724,0.023069969306185604,999
mnist_fquad_learnt_cnn_seed2,2.0,mnist,cnn,fquad,learnt,2,60000,60000,30000,60000,30000,1.0,0.5,False,92b9a7a9154533b20f1b50c273513fe7,0.025,0.005,0.005,0.99,2000,118.06787109375,0.003935595703125,0.010224883333333334,0.003946614073444813,0.020064016293313284,0.010942352817489067,0.03643137044737849,0.023976688712233744,0.0124,0.0103,0.0105,0.011499999999999955,0.0,100,70,0.005,0.005,0.03,0.1,1549.1,0,0.0,0.013299999999999979,0.010099999999999998,True,0.035933251462866585,0.023560182550284973,999
mnist_fquad_learnt_cnn_seed3,2.0,mnist,cnn,fquad,learnt,3,60000,60000,30000,60000,30000,1.0,0.5,False,9b278676f0810cc603db6295c06dd133,0.025,0.005,0.005,0.99,2000,134.61134338378906,0.004487044779459636,0.010927316666666667,0.00405907551266072,0.021019891126138838,0.01112055258405914,0.038861639489262634,0.025209279370761617,0.011,0.0096,0.0102,0.010499999999999954,0.0,100,70,0.005,0.005,0.03,0.1,1575.4,0,0.0,0.010600000000000054,0.010099999999999998,True,0.03837593944904477,0.02480504825387603,999
mnist_fquad_learnt_cnn_seed4,2.0,mnist,cnn,fquad,learnt,4,60000,60000,30000,60000,30000,1.0,0.5,False,8dcf59bb2b2100fc98259e76fe088c00,0.025,0.005,0.005,0.99,2000,115.03225708007812,0.0038344085693359374,0.009690283333333334,0.0037257994014975667,0.01933052779499495,0.010589775383309241,0.03524884194361361,0.023289819413229,0.0104,0.0092,0.0087,0.00990000000000002,0.0,100,70,0.005,0.005,0.03,0.1,1532.0,0,0.0,0.010099999999999998,0.009000000000000008,True,0.034752602788613425,0.02287424025308521,999
mnist_fquad_learnt_fcn_seed0,2.0,mnist,fcn,fquad,learnt,0,60000,60000,30000,60000,30000,1.0,0.5,False,067078f63b371b03018ec2a5855a6b18,0.025,0.005,0.005,0.99,2000,179.151611328125,0.0059717203776041665,0.019833683333333334,0.007870444246684406,0.03260373662840127,0.016788206699026424,0.057170539716899726,0.035960706673592364,0.0216,0.017,0.0191,0.021100000000000008,0.0,100,70,0.005,0.005,0.03,0.1,1057.2,0,3.3e-05,0.02210000000000001,0.019000000000000017,True,0.05666224974256234,0.035542176149111204,999
mnist_fquad_learnt_fcn_seed0_ln10,2.0,mnist,fcn,fquad,learnt,0,60000,60000,30000,60000,30000,1.0,0.5,False,067078f63b371b03018ec2a5855a6b18,0.025,0.005,0.005,0.99,2000,219.0163116455078,0.007300543721516927,0.15201021666666667,0.09498408877633885,0.18116376352256278,0.11928745665411518,0.23279325144851346,0.16396204479269846,0.0626,0.0556,0.0393,0.0524,0.1,100,70,0.005,0.005,0.03,0.1,1036.8,0,0.010367,0.0635,0.03849999999999998,True,0.23199156947178973,0.16325120109286012,999
mnist_fquad_learnt_fcn_seed0_ln20,2.0,mnist,fcn,fquad,learnt,0,60000,60000,30000,60000,30000,1.0,0.5,False,067078f63b371b03018ec2a5855a6b18,0.025,0.005,0.005,0.99,2000,664.7251586914062,0.022157505289713542,0.2849726,0.14657814160920465,0.32072341693787626,0.17534095730142324,0.42462208947429814,0.2655564426532663,0.1112,0.1095,0.0683,0.08650000000000002,0.2,100,70,0.005,0.005,0.03,0.1,1015.0,0,0.0253,0.11450000000000005,0.06910000000000005,True,0.42407938745283646,0.26505763999246945,999
mnist_fquad_learnt_fcn_seed0_ln40,2.0,mnist,fcn,fquad,learnt,0,60000,60000,30000,60000,30000,1.0,0.5,False,067078f63b371b03018ec2a5855a6b18,0.025,0.005,0.005,0.99,2000,978.55126953125,0.03261837565104167,0.5376131,0.21214586522042525,0.5759981557403202,0.2449016382754276,0.6980162626675398,0.3652803862584654,0.2649,0.2568,0.1814,0.22950000000000004,0.4,100,70,0.005,0.005,0.03,0.1,1037.3,0,0.060667,0.27049999999999996,0.1805,True,0.6976177430245303,0.3648362656218115,999
mnist_fquad_learnt_fcn_seed0_pt10,2.0,mnist,fcn,fquad,learnt,0,60000,6000,3000,6000,3000,0.1,0.5,False,97eb9a500a58f98787e39e2a4f81f3c8,0.025,0.005,0.005,0.99,2000,61.687644958496094,0.0205625483194987,0.0546565,0.028454239482990116,0.07404368039217431,0.04324984258655412,0.14867800670301395,0.10609794543163449,0.0623,0.0544,0.0537,0.05920000000000003,0.0,100,70,0.005,0.005,0.03,0.1,233.3,0,0.0,0.06340000000000001,0.05459999999999998,True,0.1447110997942342,0.10257576511562812,999
mnist_fquad_learnt_fcn_seed0_pt20,2.0,mnist,fcn,fquad,learnt,0,60000,12000,6000,12000,6000,0.2,0.5,False,a5fc780eec1e302025161b70cf5ca42a,0.025,0.005,0.005,0.99,2000,94.51952362060547,0.01575325393676758,0.04905508333333333,0.02221732815370337,0.06759255443110884,0.03558846804490673,0.12676342443234265,0.08323780234369521,0.0452,0.0365,0.0397,0.04149999999999998,0.0,100,70,0.005,0.005,0.03,0.1,332.2,0,0.0,0.047900000000000054,0.038799999999999946,True,0.1245856526154648,0.0813766606658753,999
mnist_fquad_learnt_fcn_seed0_pt50,2.0,mnist,fcn,fquad,learnt,0,60000,30000,15000,30000,15000,0.5,0.5,False,9557431e5cb6bd31fcb5b52522809e42,0.025,0.005,0.005,0.99,2000,121.21099090576172,0.008080732727050781,0.024207366666666667,0.010144078497215657,0.038054264066257844,0.019953494622914902,0.06993128690809976,0.04519929556898011,0.0297,0.0239,0.025,0.026000000000000023,0.0,100,70,0.005,0.005,0.03,0.1,569.4,0,0.0,0.028699999999999948,0.024499999999999966,True,0.06898358496794538,0.04440629147748715,999
mnist_fquad_learnt_fcn_seed1,2.0,mnist,fcn,fquad,learnt,1,60000,60000,30000,60000,30000,1.0,0.5,False,3d124738b9d0dc4b394f2281158411d9,0.025,0.005,0.005,0.99,2000,185.26577758789062,0.006175525919596354,0.019691066666666666,0.007826484416711459,0.03242396244631446,0.016725805130766103,0.05738281736724111,0.03623895871734557,0.0216,0.0178,0.0177,0.019299999999999984,0.0,100,70,0.005,0.005,0.03,0.1,1005.7,0,0.0,0.02310000000000001,0.017900000000000027,True,0.05688087960737127,0.035824756311953206,999
mnist_fquad_learnt_fcn_seed1_ln10,2.0,mnist,fcn,fquad,learnt,1,60000,60000,30000,60000,30000,1.0,0.5,False,3d124738b9d0dc4b394f2281158411d9,0.025,0.005,0.005,0.99,2000,210.31777954101562,0.007010592651367187,0.15351731666666665,0.0981353148569705,0.18277706967829616,0.12275799691955076,0.2335416008573194,0.16699386542936318,0.0612,0.0563,0.0367,0.051000000000000045,0.1,100,70,0.005,0.005,0.03,0.1,1015.5,0,0.009333,0.06299999999999994,0.0373,True,0.23272421386602654,0.1662651436175305,999
mnist_fquad_learnt_fcn_seed1_ln20,2.0,mnist,fcn,fquad,learnt,1,60000,60000,30000,60000,30000,1.0,0.5,False,3d124738b9d0dc4b394f2281158411d9,0.025,0.005,0.005,0.99,2000,611.4212036132812,0.020380706787109376,0.2874064333333333,0.14756600035763762,0.3232364020108093,0.17640081185592135,0.42299793966568994,0.2628599315691501,0.1196,0.115,0.0685,0.09799999999999998,0.2,100,70,0.005,0.005,0.03,0.1,1039.0,0,0.0233,0.12129999999999996,0.06779999999999997,True,0.42243318636632987,0.26234275088105247,999
mnist_fquad_learnt_fcn_seed1_ln40,2.0,mnist,fcn,fquad,learnt,1,60000,60000,30000,60000,30000,1.0,0.5,False,3d124738b9d0dc4b394f2281158411d9,0.025,0.005,0.005,0.99,2000,923.7913208007812,0.03079304402669271,0.5450078166666666,0.21338783653523885,0.5833160686470662,0.24620591729606986,0.7015416416847352,0.3631573820126651,0.269,0.2582,0.1846,0.24060000000000004,0.4,100,70,0.005,0.005,0.03,0.1,1015.0,0,0.055433,0.2704,0.18620000000000003,True,0.70113303992673,0.3627013404589444,999
mnist_fquad_learnt_fcn_seed1_pt10,2.0,mnist,fcn,fquad,learnt,1,60000,6000,3000,6000,3000,0.1,0.5,False,de69c32db18e912f00ca5829897e0802,0.025,0.005,0.005,0.99,2000,68.02118682861328,0.022673728942871094,0.061642166666666665,0.03000285913692435,0.08201786871542044,0.04512487058199727,0.16276272828147004,0.11199496557334195,0.063,0.0537,0.0544,0.0595,0.0,100,70,0.005,0.005,0.03,0.1,242.4,0,0.0,0.06169999999999998,0.05479999999999996,True,0.15881883828479512,0.10852730862310106,999
mnist_fquad_learnt_fcn_seed1_pt20,2.0,mnist,fcn,fquad,learnt,1,60000,12000,6000,12000,6000,0.2,0.5,False,ff9e79b6305905a3383b38f76ee6562e,0.025,0.005,0.005,0.99,2000,103.64666748046875,0.017274444580078124,0.04141275,0.017431920358665996,0.05869225924667482,0.029556003543025067,0.11778908516139047,0.07670982034137358,0.0482,0.0383,0.0392,0.04190000000000005,0.0,100,70,0.005,0.005,0.03,0.1,319.8,0,0.0,0.044499999999999984,0.039100000000000024,True,0.11574480371170177,0.07496658539108209,999
mnist_fquad_learnt_fcn_seed1_pt50,2.0,mnist,fcn,fquad,learnt,1,60000,30000,15000,30000,15000,0.5,0.5,False,4d829289da43a906a0950f9c1acedbb2,0.025,0.005,0.005,0.99,2000,165.78939819335938,0.011052626546223958,0.028649066666666667,0.011736604560745606,0.043486264829702144,0.022111055819277803,0.08297932394512814,0.05328460459642421,0.0315,0.0244,0.0252,0.02729999999999999,0.0,100,70,0.005,0.005,0.03,0.1,585.0,0,0.0,0.02959999999999996,0.024800000000000044,True,0.08208638592930646,0.052535433980990864,999
mnist_fquad_learnt_fcn_seed2,2.0,mnist,fcn,fquad,learnt,2,60000,60000,30000,60000,30000,1.0,0.5,False,92b9a7a9154533b20f1b50c273513fe7,0.025,0.005,0.005,0.99,2000,188.14276123046875,0.006271425374348959,0.019467283333333335,0.007635125846107284,0.03214158451179434,0.016453557233913566,0.05722405641501067,0.036022471599194084,0.0216,0.0178,0.0176,0.020299999999999985,0.0,100,70,0.005,0.005,0.03,0.1,1055.4,0,6.7e-05,0.022599999999999953,0.01749999999999996,True,0.056725944169667315,0.03561186972021397,999
mnist_fquad_learnt_fcn_seed2_ln10,2.0,mnist,fcn,fquad,learnt,2,60000,60000,30000,60000,30000,1.0,0.5,False,92b9a7a9154533b20f1b50c273513fe7,0.025,0.005,0.005,0.99,2000,236.253662109375,0.0078751220703125,0.15270275,0.09672334405660396,0.181905216768483,0.12120386680106428,0.23556180024431111,0.1678820980884693,0.0589,0.0562,0.0379,0.051000000000000045,0.1,100,70,0.005,0.005,0.03,0.1,1039.7,0,0.010767,0.0625,0.03749999999999998,True,0.23478441014825932,0.16718907391754864,999
mnist_fquad_learnt_fcn_seed2_ln20,2.0,mnist,fcn,fquad,learnt,2,60000,60000,30000,60000,30000,1.0,0.5,False,92b9a7a9154533b20f1b50c273513fe7,0.025,0.005,0.005,0.99,2000,719.2294921875,0.02397431640625,0.29246895,0.14694936017277926,0.32845962053525496,0.17573928016004142,0.43692912204646767,0.26987855120989435,0.1185,0.115,0.0719,0.09499999999999997,0.2,100,70,0.005,0.005,0.03,0.1,1056.0,0,0.024167,0.11880000000000002,0.07210000000000005,True,0.436405750849557,0.2693956974041158,999
mnist_fquad_learnt_fcn_seed2_ln40,2.0,mnist,fcn,fquad,learnt,2,60000,60000,30000,60000,30000,1.0,0.5,False,92b9a7a9154533b20f1b50c273513fe7,0.025,0.005,0.005,0.99,2000,899.2062377929688,0.029973541259765625,0.5436812166666667,0.21442112956638376,0.582003875121649,0.24729071930830088,0.6988723466250965,0.36272124182802273,0.2641,0.2629,0.1813,0.2399,0.4,100,70,0.005,0.005,0.03,0.1,1041.0,0,0.0633,0.26670000000000005,0.18030000000000002,True,0.6984568697902183,0.362259408762358,999
mnist_fquad_learnt_fcn_seed2_pt10,2.0,mnist,fcn,fquad,learnt,2,60000,6000,3000,6000,3000,0.1,0.5,False,0a98b5c74d929862ed7af06b0d7dbd51,0.025,0.005,0.005,0.99,2000,55.921722412109375,0.018640574137369793,0.05695666666666667,0.02918415695167927,0.07667748567310134,0.044134799054340534,0.14882806509847563,0.1044384389751642,0.0628,0.0562,0.057,0.06040000000000001,0.0,100,70,0.005,0.005,0.03,0.1,238.1,0,0.0,0.06540000000000001,0.05620000000000003,True,0.14471463224313083,0.10081331236824827,999
mnist_fquad_learnt_fcn_seed2_pt20,2.0,mnist,fcn,fquad,learnt,2,60000,12000,6000,12000,6000,0.2,0.5,False,5057428e2fb3b0bef4fa72ef6f7bbbe7,0.025,0.005,0.005,0.99,2000,84.86910247802734,0.014144850413004558,0.045467,0.02073690266568763,0.06342935931387601,0.03373904371914177,0.11832124477748279,0.07798031857052651,0.048,0.0407,0.0414,0.04369999999999996,0.0,100,70,0.005,0.005,0.03,0.1,331.9,0,0.0,0.047900000000000054,0.042100000000000026,True,0.11610655494066341,0.07608987501524939,999
mnist_fquad_learnt_fcn_seed2_pt50,2.0,mnist,fcn,fquad,learnt,2,60000,30000,15000,30000,15000,0.5,0.5,False,73eaf769ba3d35455729bc227ddd4759,0.025,0.005,0.005,0.99,2000,148.11830139160156,0.00987455342610677,0.0267788,0.010832832840420557,0.04121004422156844,0.020891811237929995,0.07767407694831124,0.049569202600330875,0.028,0.0218,0.0233,0.02629999999999999,0.0,100,70,0.005,0.005,0.03,0.1,569.2,0,0.0,0.02969999999999995,0.023299999999999987,True,0.07676289762049,0.04880815828121327,999
mnist_fquad_learnt_fcn_seed3,2.0,mnist,fcn,fquad,learnt,3,60000,60000,30000,60000,30000,1.0,0.5,False,9b278676f0810cc603db6295c06dd133,0.025,0.005,0.005,0.99,2000,191.3813018798828,0.006379376729329427,0.020723633333333335,0.00831759343986804,0.03372240424373402,0.017420078417744234,0.05950327660413163,0.03758883679422859,0.0218,0.0178,0.0178,0.019299999999999984,0.0,100,70,0.005,0.005,0.03,0.1,1003.5,0,0.0,0.023599999999999954,0.017900000000000027,True,0.05900059961701649,0.03717380835454359,999
mnist_fquad_learnt_fcn_seed3_ln10,2.0,mnist,fcn,fquad,learnt,3,60000,60000,30000,60000,30000,1.0,0.5,False,9b278676f0810cc603db6295c06dd133,0.025,0.005,0.005,0.99,2000,202.99325561523438,0.006766441853841146,0.15232745,0.09752359263300403,0.18150343063544913,0.12208486604005848,0.23128689576157496,0.16546090444331701,0.0586,0.0527,0.0378,0.04730000000000001,0.1,100,70,0.005,0.005,0.03,0.1,1057.2,0,0.009333,0.05669999999999997,0.03839999999999999,True,0.23045882615850094,0.1647230362555427,999
mnist_fquad_learnt_fcn_seed3_ln20,2.0,mnist,fcn,fquad,learnt,3,60000,60000,30000,60000,30000,1.0,0.5,False,9b278676f0810cc603db6295c06dd133,0.025,0.005,0.005,0.99,2000,708.9821166992188,0.02363273722330729,0.2863803833333333,0.14611484020301374,0.32217713424573213,0.17484374404491038,0.4295655042663928,0.2681303471946396,0.1164,0.1118,0.0681,0.08850000000000002,0.2,100,70,0.005,0.005,0.03,0.1,1042.1,0,0.026167,0.11460000000000004,0.06840000000000002,True,0.42903896486987353,0.2676450640612728,999
mnist_fquad_learnt_fcn_seed3_ln40,2.0,mnist,fcn,fquad,learnt,3,60000,60000,30000,60000,30000,1.0,0.5,False,9b278676f0810cc603db6295c06dd133,0.025,0.005,0.005,0.99,2000,1062.488525390625,0.0354162841796875,0.5399334333333333,0.21145634288355408,0.5782953073681543,0.2441773360086134,0.7048328280428099,0.369767699245308,0.2636,0.2481,0.1761,0.2289,0.4,100,70,0.005,0.005,0.03,0.1,1060.1,0,0.065,0.2582,0.17600000000000005,True,0.7044535996607776,0.3693398778249974,999
mnist_fquad_learnt_fcn_seed3_pt10,2.0,mnist,fcn,fquad,learnt,3,60000,6000,3000,6000,3000,0.1,0.5,False,7a1c7d6787ce8563c319158c346b5022,0.025,0.005,0.005,0.99,2000,57.723690032958984,0.019241230010986328,0.05916816666666667,0.029925519615618804,0.07920207063158519,0.04503145408652249,0.1531774130704627,0.10665678666180563,0.0631,0.0541,0.0566,0.0595,0.0,100,70,0.005,0.005,0.03,0.1,242.5,0,0.0,0.060899999999999954,0.05569999999999997,True,0.14907071994831383,0.10304429205839177,999
mnist_fquad_learnt_fcn_seed3_pt20,2.0,mnist,fcn,fquad,learnt,3,60000,12000,6000,12000,6000,0.2,0.5,False,f0610465c35c5ddc595a3eb968571c0f,0.025,0.005,0.005,0.99,2000,90.58079528808594,0.01509679921468099,0.04357075,0.018104807432943886,0.061218344358924544,0.03041438200800889,0.1172157294783059,0.07465608376649031,0.0466,0.0391,0.0397,0.043200000000000016,0.0,100,70,0.005,0.005,0.03,0.1,319.9,0,0.0,0.050000000000000044,0.039000000000000035,True,0.11506415417630385,0.07284145531033975,999
mnist_fquad_learnt_fcn_seed3_pt50,2.0,mnist,fcn,fquad,learnt,3,60000,30000,15000,30000,15000,0.5,0.5,False,aed5e4f864325d62bbb415edd0a93e62,0.025,0.005,0.005,0.99,2000,123.33155822753906,0.008222103881835937,0.0286287,0.011635689959549247,0.04346155724865259,0.02197554813696717,0.07725138322308028,0.048340266151229494,0.0321,0.0247,0.0259,0.02739999999999998,0.0,100,70,0.005,0.005,0.03,0.1,585.8,0,6.7e-05,0.03069999999999995,0.0252,True,0.07627143214951689,0.047530777767337114,999
mnist_fquad_learnt_fcn_seed4,2.0,mnist,fcn,fquad,learnt,4,60000,60000,30000,60000,30000,1.0,0.5,False,8dcf59bb2b2100fc98259e76fe088c00,0.025,0.005,0.005,0.99,2000,193.55828857421875,0.006451942952473959,0.020248816666666666,0.0078680756901808,0.03312622631092993,0.016784845820602193,0.058888899201501255,0.036815011639257766,0.0229,0.0176,0.0168,0.019000000000000017,0.0,100,70,0.005,0.005,0.03,0.1,1061.6,0,6.7e-05,0.022599999999999953,0.016900000000000026,True,0.058390780821686646,0.03640543098831167,999
mnist_fquad_learnt_fcn_seed4_ln10,2.0,mnist,fcn,fquad,learnt,4,60000,60000,30000,60000,30000,1.0,0.5,False,8dcf59bb2b2100fc98259e76fe088c00,0.025,0.005,0.005,0.99,2000,229.61740112304688,0.0076539133707682295,0.1517512,0.09423591749741589,0.1808863989238318,0.11846237236273767,0.23370009067626482,0.1640965995582921,0.0629,0.0556,0.0386,0.049799999999999955,0.1,100,70,0.005,0.005,0.03,0.1,1040.6,0,0.009467,0.06579999999999997,0.038799999999999946,True,0.23291449523890426,0.16340044927391223,999
mnist_fquad_learnt_fcn_seed4_ln20,2.0,mnist,fcn,fquad,learnt,4,60000,60000,30000,60000,30000,1.0,0.5,False,8dcf59bb2b2100fc98259e76fe088c00,0.025,0.005,0.005,0.99,2000,677.2109985351562,0.022573699951171877,0.28946978333333334,0.14822853188622065,0.32536588915074777,0.17711139286501795,0.4304673554379198,0.26848523110447287,0.1168,0.1045,0.066,0.09030000000000005,0.2,100,70,0.005,0.005,0.03,0.1,1056.8,0,0.024667,0.11199999999999999,0.06559999999999999,True,0.42992902358164126,0.26798932372027673,999
mnist_fquad_learnt_fcn_seed4_ln40,2.0,mnist,fcn,fquad,learnt,4,60000,60000,30000,60000,30000,1.0,0.5,False,8dcf59bb2b2100fc98259e76fe088c00,0.025,0.005,0.005,0.99,2000,1008.6798706054688,0.033622662353515624,0.5416280833333333,0.21548823649445528,0.5799724964885232,0.24841070830487952,0.7033740398492205,0.3710752013977751,0.2619,0.2492,0.1746,0.22450000000000003,0.4,100,70,0.005,0.005,0.03,0.1,1025.6,0,0.059,0.2569,0.17510000000000003,True,0.7029840265772705,0.37063650250384755,999
mnist_fquad_learnt_fcn_seed4_pt10,2.0,mnist,fcn,fquad,learnt,4,60000,6000,3000,6000,3000,0.1,0.5,False,a6aaffea771d8ca3ec772288b4d7c94e,0.025,0.005,0.005,0.99,2000,58.483802795410156,0.019494600931803385,0.05431866666666667,0.026194970307061898,0.07365612914801684,0.04049632328627445,0.14634223405135244,0.10046298701097739,0.0648,0.0571,0.0583,0.0605,0.0,100,70,0.005,0.005,0.03,0.1,239.4,0,0.0,0.06440000000000001,0.05800000000000005,True,0.14231897321517115,0.09694410853972862,999
mnist_fquad_learnt_fcn_seed4_pt20,2.0,mnist,fcn,fquad,learnt,4,60000,12000,6000,12000,6000,0.2,0.5,False,ac86b62b4ad9f19dc7e94189946b1df9,0.025,0.005,0.005,0.99,2000,93.49185180664062,0.015581975301106771,0.04340108333333333,0.01760428500143478,0.061020127253358654,0.029776237979974255,0.11784688408585414,0.07446407869323773,0.0459,0.0395,0.0401,0.04530000000000001,0.0,100,70,0.005,0.005,0.03,0.1,331.3,0,0.0,0.0484,0.03979999999999995,True,0.11571757144467448,0.07267246261174315,999
mnist_fquad_learnt_fcn_seed4_pt50,2.0,mnist,fcn,fquad,learnt,4,60000,30000,15000,30000,15000,0.5,0.5,False,71187ca46086c0c266098f276ce5cc81,0.025,0.005,0.005,0.99,2000,146.96885681152344,0.009797923787434895,0.0288103,0.012101837132993839,0.043681803247253966,0.022600228598533556,0.08077374105206243,0.05193243193001968,0.0305,0.023,0.0246,0.026000000000000023,0.0,100,70,0.005,0.005,0.03,0.1,591.0,0,0.0,0.03080000000000005,0.024399999999999977,True,0.07984522990975103,0.05115469612517515,999
mnist_fquad_rand_fcn_seed0,2.0,mnist,fcn,fquad,rand,0,60000,60000,0,60000,60000,1.0,0.5,True,fe28b7738673afcf370b87dedfc4c0df,0.025,0.005,0.005,0.99,2000,8170.4912109375,0.136174853515625,0.09711264166666667,0.0272023395106662,0.12163250650224139,0.04172684613480954,0.35056572936448627,0.22820117518647795,0.0974,0.0562,0.0604,0.9173,0.0,100,0,0.005,0.005,0.03,0.1,974.7,0,,0.0947,0.058699999999999974,True,0.3504512322359131,0.22809243765357506,999
mnist_fquad_rand_fcn_seed1,2.0,mnist,fcn,fquad,rand,1,60000,60000,0,60000,60000,1.0,0.5,True,fe28b7738673afcf370b87dedfc4c0df,0.025,0.005,0.005,0.99,2000,8284.740234375,0.13807900390625,0.09270411666666667,0.026315537809051118,0.11677174871531276,0.04064384347999578,0.34583808849669,0.22802730300796967,0.0922,0.0595,0.0569,0.9017,0.0,100,0,0.005,0.005,0.03,0.1,1004.2,0,,0.09009999999999996,0.05740000000000001,True,0.3457243797866202,0.22791915137252858,999
mnist_fquad_rand_fcn_seed2,2.0,mnist,fcn,fquad,rand,2,60000,60000,0,60000,60000,1.0,0.5,True,fe28b7738673afcf370b87dedfc4c0df,0.025,0.005,0.005,0.99,2000,8239.166015625,0.13731943359375,0.09567860833333333,0.027038022998845522,0.12005299139609388,0.04152644262192912,0.34956065293304095,0.22891783746771027,0.0914,0.0559,0.0568,0.8941,0.0,100,0,0.005,0.005,0.03,0.1,966.9,0,,0.0968,0.05789999999999995,True,0.3494465937931172,0.2288093931565108,999
mnist_fquad_rand_fcn_seed3,2.0,mnist,fcn,fquad,rand,3,60000,60000,0,60000,60000,1.0,0.5,True,fe28b7738673afcf370b87dedfc4c0df,0.025,0.005,0.005,0.99,2000,8243.9677734375,0.137399462890625,0.09492914166666666,0.026780297652311633,0.11922687549448481,0.04121187307123447,0.34851682591851396,0.2284223285334109,0.0884,0.055,0.0569,0.8799,0.0,100,0,0.005,0.005,0.03,0.1,1003.4,0,,0.08930000000000005,0.05730000000000002,True,0.3484028167802739,0.2283139448061998,999
mnist_fquad_rand_fcn_seed4,2.0,mnist,fcn,fquad,rand,4,60000,60000,0,60000,60000,1.0,0.5,True,fe28b7738673afcf370b87dedfc4c0df,0.025,0.005,0.005,0.99,2000,8351.958984375,0.13919931640625,0.09715480833333333,0.027063113698796396,0.12167892774795315,0.04155705147271366,0.3536226325794671,0.23074062008243942,0.0941,0.0582,0.0612,0.9116,0.0,100,0,0.005,0.005,0.03,0.1,966.1,0,,0.09430000000000005,0.06040000000000001,True,0.3535091730279022,0.23063260384266288,999
