run_id,schema_version,dataset,model,objective,prior_type,base_seed,n_total,n_selected,n_prior,n_posterior,n_bound,perc_train,perc_prior,stratified,split_hash,delta_train,delta_mc,delta_pac,joint_confidence,mc_samples,kl,kl_over_nbound,mc_err_01,mc_ce,emp_risk_01,emp_risk_ce,cert_risk_01,cert_risk_ce,test_stoch_01,test_postmean_01,test_ens_01,prior_net_test_01,label_noise,train_epochs,prior_epochs,lr,lr_prior,sigma_prior,kl_penalty,duration_sec,exit_code
cifar10_bbb_learnt_cnn_seed0,2.0,cifar10,cnn,bbb,learnt,0,50000,50000,25000,50000,25000,1.0,0.5,True,5afae399353ef835fe9be21ba0d7ff2e,0.025,0.005,0.005,0.99,2000,86066.03125,3.44264125,0.05686228,0.014226463678534496,0.07656957180180152,0.025410390884930193,0.982043452881621,0.9741039464681198,0.23670000000000002,0.2127,0.20120000000000005,0.26670000000000005,0.0,100,70,0.005,0.005,0.03,0.1,11805.0,0
cifar10_bbb_learnt_cnn_seed1,2.0,cifar10,cnn,bbb,learnt,1,50000,50000,25000,50000,25000,1.0,0.5,True,1cd87452b52a30410e3f38d2bd4b01c8,0.025,0.005,0.005,0.99,2000,85607.9375,3.4243175,0.05859074,0.014632123891851317,0.07854360129920507,0.02594076062451539,0.9819350670621081,0.9737160650177505,0.24309999999999998,0.21960000000000002,0.20179999999999998,0.27459999999999996,0.0,100,70,0.005,0.005,0.03,0.1,12161.7,0
cifar10_bbb_learnt_cnn_seed2,2.0,cifar10,cnn,bbb,learnt,2,50000,50000,25000,50000,25000,1.0,0.5,True,edcfcb83529c335321c316929ccea561,0.025,0.005,0.005,0.99,2000,86296.1328125,3.4518453125,0.05834526,0.014516129745773711,0.07826351870060962,0.02578929277753367,0.9824329085562648,0.9744200705217244,0.24860000000000004,0.2229,0.20520000000000005,0.2854,0.0,100,70,0.005,0.005,0.03,0.1,11886.3,0
cifar10_bbb_learnt_cnn_seed3,2.0,cifar10,cnn,bbb,learnt,3,50000,50000,25000,50000,25000,1.0,0.5,True,11691e331b31d683538890bb8919101d,0.025,0.005,0.005,0.99,2000,85930.3359375,3.4372134375,0.05800422,0.01452929020039161,0.07787425702624601,0.025806485406066837,0.9821024437254781,0.9740360345901401,0.244,0.21919999999999995,0.20520000000000005,0.27480000000000004,0.0,100,70,0.005,0.005,0.03,0.1,11881.7,0
cifar10_bbb_learnt_cnn_seed4,2.0,cifar10,cnn,bbb,learnt,4,50000,50000,25000,50000,25000,1.0,0.5,True,915016997381cd1351f104a0598ab5ea,0.025,0.005,0.005,0.99,2000,83143.953125,3.325758125,0.05566428,0.013901035154376596,0.07519867209597669,0.02498357570882298,0.979422530662852,0.9707099973678115,0.23329999999999995,0.20809999999999995,0.19540000000000002,0.26370000000000005,0.0,100,70,0.005,0.005,0.03,0.1,11858.6,0
cifar10_fclassic_learnt_cnn_seed0,2.0,cifar10,cnn,fclassic,learnt,0,50000,50000,25000,50000,25000,1.0,0.5,True,5afae399353ef835fe9be21ba0d7ff2e,0.025,0.005,0.005,0.99,2000,333.0418395996094,0.013321673583984376,0.28306562,0.09057838760766912,0.3187535517305992,0.11442254270209869,0.3988735904211104,0.174117443977525,0.2891,0.25770000000000004,0.23670000000000002,0.26670000000000005,0.0,100,70,0.005,0.005,0.03,0.1,11985.8,0
cifar10_fclassic_learnt_cnn_seed1,2.0,cifar10,cnn,fclassic,learnt,1,50000,50000,25000,50000,25000,1.0,0.5,True,1cd87452b52a30410e3f38d2bd4b01c8,0.025,0.005,0.005,0.99,2000,230.13565063476562,0.009205426025390625,0.2853489,0.08929146490939896,0.3211120356958547,0.11299854785661963,0.38796468014578783,0.1618478062012215,0.2914,0.2661,0.247,0.27459999999999996,0.0,100,70,0.005,0.005,0.03,0.1,11744.8,0
cifar10_fclassic_learnt_cnn_seed2,2.0,cifar10,cnn,fclassic,learnt,2,50000,50000,25000,50000,25000,1.0,0.5,True,edcfcb83529c335321c316929ccea561,0.025,0.005,0.005,0.99,2000,301.9821472167969,0.012079285888671874,0.29179526,0.09078707537214592,0.3277648499786,0.11465333053387278,0.4044656829267542,0.17133782472337686,0.2982,0.27559999999999996,0.25439999999999996,0.2854,0.0,100,70,0.005,0.005,0.03,0.1,11729.4,0
cifar10_fclassic_learnt_cnn_seed3,2.0,cifar10,cnn,fclassic,learnt,3,50000,50000,25000,50000,25000,1.0,0.5,True,11691e331b31d683538890bb8919101d,0.025,0.005,0.005,0.99,2000,296.8313293457031,0.011873253173828126,0.28523108,0.08963294403238586,0.3209903618684357,0.11337653119576191,0.3967578492139753,0.16932427547161785,0.2934,0.2649,0.2481,0.27480000000000004,0.0,100,70,0.005,0.005,0.03,0.1,12058.0,0
cifar10_fclassic_learnt_cnn_seed4,2.0,cifar10,cnn,fclassic,learnt,4,50000,50000,25000,50000,25000,1.0,0.5,True,915016997381cd1351f104a0598ab5ea,0.025,0.005,0.005,0.99,2000,290.24267578125,0.01160970703125,0.27531922,0.087149034421049,0.31074376509787743,0.11062486471600537,0.38521502748940184,0.16543308318039712,0.28159999999999996,0.253,0.23629999999999995,0.26370000000000005,0.0,100,70,0.005,0.005,0.03,0.1,11804.7,0
cifar10_fquad_learnt_cnn_seed0,2.0,cifar10,cnn,fquad,learnt,0,50000,50000,25000,50000,25000,1.0,0.5,True,5afae399353ef835fe9be21ba0d7ff2e,0.025,0.005,0.005,0.99,2000,934.1969604492188,0.03736787841796875,0.26752078,0.07608136977768486,0.30266704794820687,0.09829678867594599,0.43656340592359205,0.1995631248915711,0.2791,0.2489,0.22819999999999996,0.26670000000000005,0.0,100,70,0.005,0.005,0.03,0.1,11677.3,0
cifar10_fquad_learnt_cnn_seed1,2.0,cifar10,cnn,fquad,learnt,1,50000,50000,25000,50000,25000,1.0,0.5,True,1cd87452b52a30410e3f38d2bd4b01c8,0.025,0.005,0.005,0.99,2000,728.7650756835938,0.02915060302734375,0.26909528,0.07626453979724233,0.30429880953524135,0.09850178220340994,0.4223132432917915,0.1862881983531973,0.2802,0.25570000000000004,0.23929999999999996,0.27459999999999996,0.0,100,70,0.005,0.005,0.03,0.1,11679.8,0
cifar10_fquad_learnt_cnn_seed2,2.0,cifar10,cnn,fquad,learnt,2,50000,50000,25000,50000,25000,1.0,0.5,True,edcfcb83529c335321c316929ccea561,0.025,0.005,0.005,0.99,2000,863.5137939453125,0.0345405517578125,0.27422476,0.07708550172590432,0.3096110528013127,0.099420134545752,0.43864587868608285,0.19649481889773077,0.2875,0.2669,0.24539999999999995,0.2854,0.0,100,70,0.005,0.005,0.03,0.1,11933.8,0
cifar10_fquad_learnt_cnn_seed3,2.0,cifar10,cnn,fquad,learnt,3,50000,50000,25000,50000,25000,1.0,0.5,True,11691e331b31d683538890bb8919101d,0.025,0.005,0.005,0.99,2000,844.6176147460938,0.03378470458984375,0.26884036,0.07619007098902271,0.3040346558470734,0.0984184450888636,0.4312775310741043,0.19396608710565263,0.28390000000000004,0.25429999999999997,0.23919999999999997,0.27480000000000004,0.0,100,70,0.005,0.005,0.03,0.1,11679.8,0
cifar10_fquad_learnt_cnn_seed4,2.0,cifar10,cnn,fquad,learnt,4,50000,50000,25000,50000,25000,1.0,0.5,True,915016997381cd1351f104a0598ab5ea,0.025,0.005,0.005,0.99,2000,845.9418334960938,0.03383767333984375,0.25865006,0.07310966598661939,0.2934633244466424,0.09496611138207196,0.42010423588169077,0.18957262717306453,0.26970000000000005,0.24350000000000005,0.22729999999999995,0.26370000000000005,0.0,100,70,0.005,0.005,0.03,0.1,11680.0,0
cifar10_fquad_rand_cnn_seed0,2.0,cifar10,cnn,fquad,rand,0,50000,50000,0,50000,50000,1.0,0.5,True,f0beba2f3133ca15ab6c0d9d4439a237,0.025,0.005,0.005,0.99,2000,15.145002365112305,0.0003029000473022461,0.89744743,0.20076652051508184,0.919337659789699,0.23293078337384937,0.9279147777163939,0.24689086976004865,0.8964,0.9,0.8911,0.9,0.0,100,0,0.005,0.005,0.03,0.1,19033.0,0
cifar10_fquad_rand_cnn_seed1,2.0,cifar10,cnn,fquad,rand,1,50000,50000,0,50000,50000,1.0,0.5,True,f0beba2f3133ca15ab6c0d9d4439a237,0.025,0.005,0.005,0.99,2000,14.311914443969727,0.00028623828887939455,0.89892902,0.2007977023958484,0.9206629520192043,0.2329636380959624,0.9290423636848546,0.2467007236756785,0.9057999999999999,0.9,0.8988,0.9,0.0,100,0,0.005,0.005,0.03,0.1,18995.3,0
cifar10_fquad_rand_cnn_seed2,2.0,cifar10,cnn,fquad,rand,2,50000,50000,0,50000,50000,1.0,0.5,True,f0beba2f3133ca15ab6c0d9d4439a237,0.025,0.005,0.005,0.99,2000,14.141633987426758,0.00028283267974853513,0.89834737,0.20061207560225383,0.9201428442368893,0.23276804852104543,0.9285215717864469,0.24645517121738209,0.8938,0.9,0.8996,0.9,0.0,100,0,0.005,0.005,0.03,0.1,19511.5,0
cifar10_fquad_rand_cnn_seed3,2.0,cifar10,cnn,fquad,rand,3,50000,50000,0,50000,50000,1.0,0.5,True,f0beba2f3133ca15ab6c0d9d4439a237,0.025,0.005,0.005,0.99,2000,13.708706855773926,0.0002741741371154785,0.89823498,0.2006915036544198,0.9200423185811318,0.23285174082399224,0.9283571461338262,0.24642250974834895,0.8996999999999999,0.9,0.902,0.9,0.0,100,0,0.005,0.005,0.03,0.1,16295.7,0
cifar10_fquad_rand_cnn_seed4,2.0,cifar10,cnn,fquad,rand,4,50000,50000,0,50000,50000,1.0,0.5,True,f0beba2f3133ca15ab6c0d9d4439a237,0.025,0.005,0.005,0.99,2000,14.343128204345703,0.00028686256408691404,0.89926482,0.20091105273714216,0.9209631142714436,0.2330830669852479,0.9293322304575458,0.2468309324770736,0.8956999999999999,0.9,0.896,0.9,0.0,100,0,0.005,0.005,0.03,0.1,16272.7,0
fashion-mnist_bbb_learnt_fcn_seed0,2.0,fashion-mnist,fcn,bbb,learnt,0,60000,60000,30000,60000,30000,1.0,0.5,True,0649ebe9099a0620e3c6b51ae3b11797,0.025,0.005,0.005,0.99,2000,20777.568359375,0.6925856119791667,0.07065641666666667,0.016092113088308716,0.09220929275597618,0.02783527925431756,0.65318012790256,0.5626881647705732,0.11140000000000005,0.10119999999999996,0.09740000000000004,0.11319999999999997,0.0,100,70,0.005,0.005,0.03,0.1,3620.3,0
fashion-mnist_bbb_learnt_fcn_seed1,2.0,fashion-mnist,fcn,bbb,learnt,1,60000,60000,30000,60000,30000,1.0,0.5,True,43abd53d79957edd1cc4da3116a3a089,0.025,0.005,0.005,0.99,2000,21904.978515625,0.7301659505208333,0.07099576666666667,0.01626878223652311,0.09259103650600203,0.028063106280308784,0.6684407586498395,0.5800169579823321,0.11309999999999998,0.10019999999999996,0.09840000000000004,0.11309999999999998,0.0,100,70,0.005,0.005,0.03,0.1,3897.7,0
fashion-mnist_bbb_learnt_fcn_seed2,2.0,fashion-mnist,fcn,bbb,learnt,2,60000,60000,30000,60000,30000,1.0,0.5,True,3b44123c67fb59049b85d044176902b5,0.025,0.005,0.005,0.99,2000,21506.6640625,0.7168888020833334,0.0686464,0.015749451942216584,0.08994544800017129,0.027392548333508075,0.660205636324728,0.5729566891364386,0.11229999999999996,0.10129999999999995,0.10029999999999994,0.11509999999999998,0.0,100,70,0.005,0.005,0.03,0.1,3853.0,0
fashion-mnist_bbb_learnt_fcn_seed3,2.0,fashion-mnist,fcn,bbb,learnt,3,60000,60000,30000,60000,30000,1.0,0.5,True,1977684e3583138a30f58a248bda3a94,0.025,0.005,0.005,0.99,2000,21639.08203125,0.721302734375,0.0707461,0.01625649396251508,0.09231019263833845,0.02804726915999384,0.6646859330735487,0.5760591593553136,0.11119999999999997,0.10460000000000003,0.10070000000000001,0.11580000000000001,0.0,100,70,0.005,0.005,0.03,0.1,3806.2,0
fashion-mnist_bbb_learnt_fcn_seed4,2.0,fashion-mnist,fcn,bbb,learnt,4,60000,60000,30000,60000,30000,1.0,0.5,True,38072c273f67ba46c637e1637d987e79,0.025,0.005,0.005,0.99,2000,21357.423828125,0.7119141276041666,0.07000253333333334,0.015948442741064554,0.09147335087023774,0.027649789030756603,0.6600328272420406,0.5711660812965297,0.11099999999999999,0.10340000000000005,0.09699999999999998,0.11080000000000001,0.0,100,70,0.005,0.005,0.03,0.1,3775.2,0
fashion-mnist_fclassic_learnt_fcn_seed0,2.0,fashion-mnist,fcn,fclassic,learnt,0,60000,60000,30000,60000,30000,1.0,0.5,True,0649ebe9099a0620e3c6b51ae3b11797,0.025,0.005,0.005,0.99,2000,27.804462432861328,0.000926815414428711,0.11139441666666666,0.035332140231680076,0.13728451284486484,0.051510892610228065,0.15544307588889977,0.0635559527593413,0.11850000000000005,0.11140000000000005,0.10909999999999997,0.11319999999999997,0.0,100,70,0.005,0.005,0.03,0.1,3702.7,0
fashion-mnist_fclassic_learnt_fcn_seed1,2.0,fashion-mnist,fcn,fclassic,learnt,1,60000,60000,30000,60000,30000,1.0,0.5,True,43abd53d79957edd1cc4da3116a3a089,0.025,0.005,0.005,0.99,2000,27.44988250732422,0.000914996083577474,0.11337981666666666,0.036248331909698374,0.13944989630879542,0.052599503093138385,0.15763398308500007,0.06469527748071709,0.11919999999999997,0.11029999999999995,0.10809999999999997,0.11309999999999998,0.0,100,70,0.005,0.005,0.03,0.1,3605.5,0
fashion-mnist_fclassic_learnt_fcn_seed2,2.0,fashion-mnist,fcn,fclassic,learnt,2,60000,60000,30000,60000,30000,1.0,0.5,True,3b44123c67fb59049b85d044176902b5,0.025,0.005,0.005,0.99,2000,29.643007278442383,0.000988100242614746,0.1121453,0.03512627801408831,0.13810374974432754,0.05126594199253359,0.15674396671273788,0.06358531152872844,0.1251,0.11229999999999996,0.10719999999999996,0.11509999999999998,0.0,100,70,0.005,0.005,0.03,0.1,3636.3,0
fashion-mnist_fclassic_learnt_fcn_seed3,2.0,fashion-mnist,fcn,fclassic,learnt,3,60000,60000,30000,60000,30000,1.0,0.5,True,1977684e3583138a30f58a248bda3a94,0.025,0.005,0.005,0.99,2000,31.43134307861328,0.0010477114359537761,0.11192863333333333,0.03589596531182992,0.13786739530306197,0.0521811197735535,0.15691332202829827,0.06488261470715313,0.11939999999999995,0.11270000000000002,0.10850000000000004,0.11580000000000001,0.0,100,70,0.005,0.005,0.03,0.1,3755.9,0
fashion-mnist_fclassic_learnt_fcn_seed4,2.0,fashion-mnist,fcn,fclassic,learnt,4,60000,60000,30000,60000,30000,1.0,0.5,True,38072c273f67ba46c637e1637d987e79,0.025,0.005,0.005,0.99,2000,31.668006896972656,0.0010556002298990886,0.11183476666666667,0.035820167519854104,0.1377649903415071,0.052091073141678546,0.15686009708793097,0.06482070955537307,0.11499999999999999,0.10750000000000004,0.1069,0.11080000000000001,0.0,100,70,0.005,0.005,0.03,0.1,3673.0,0
fashion-mnist_fquad_learnt_cnn_seed0,2.0,fashion-mnist,cnn,fquad,learnt,0,60000,60000,30000,60000,30000,1.0,0.5,True,0649ebe9099a0620e3c6b51ae3b11797,0.025,0.005,0.005,0.99,2000,408.63372802734375,0.013621124267578125,0.08403901666666666,0.025522873501449085,0.10717211958165213,0.03967272428110452,0.1660716833441948,0.08112161060128348,0.09119999999999995,0.08660000000000001,0.08289999999999997,0.0867,0.0,100,70,0.005,0.005,0.03,0.1,5435.0,0
fashion-mnist_fquad_learnt_cnn_seed1,2.0,fashion-mnist,cnn,fquad,learnt,1,60000,60000,30000,60000,30000,1.0,0.5,True,43abd53d79957edd1cc4da3116a3a089,0.025,0.005,0.005,0.99,2000,499.9740295410156,0.01666580098470052,0.08634163333333333,0.026540949092424743,0.10972929998817722,0.04091946470313596,0.1760304989289597,0.08816223614775438,0.09030000000000005,0.08650000000000002,0.08279999999999998,0.08660000000000001,0.0,100,70,0.005,0.005,0.03,0.1,3346.9,0
fashion-mnist_fquad_learnt_cnn_seed2,2.0,fashion-mnist,cnn,fquad,learnt,2,60000,60000,30000,60000,30000,1.0,0.5,True,3b44123c67fb59049b85d044176902b5,0.025,0.005,0.005,0.99,2000,390.0757751464844,0.013002525838216147,0.0832283,0.025585078827044194,0.10627064811316561,0.0397490424190708,0.16353377189652968,0.08010463112683815,0.09079999999999999,0.0847,0.08140000000000003,0.08489999999999998,0.0,100,70,0.005,0.005,0.03,0.1,3394.9,0
fashion-mnist_fquad_learnt_cnn_seed3,2.0,fashion-mnist,cnn,fquad,learnt,3,60000,60000,30000,60000,30000,1.0,0.5,True,1977684e3583138a30f58a248bda3a94,0.025,0.005,0.005,0.99,2000,411.7915344238281,0.01372638448079427,0.08268151666666666,0.025988165136235208,0.10566231778628937,0.040243128887798525,0.1645191610196028,0.08208951762424983,0.09519999999999995,0.08679999999999999,0.08389999999999997,0.08709999999999996,0.0,100,70,0.005,0.005,0.03,0.1,3385.5,0
fashion-mnist_fquad_learnt_cnn_seed4,2.0,fashion-mnist,cnn,fquad,learnt,4,60000,60000,30000,60000,30000,1.0,0.5,True,38072c273f67ba46c637e1637d987e79,0.025,0.005,0.005,0.99,2000,382.6774597167969,0.01275591532389323,0.08375485,0.025582490616599018,0.10685620990849339,0.03974586738221959,0.1636368959940983,0.07964865759833624,0.09609999999999996,0.08589999999999998,0.08499999999999996,0.08789999999999998,0.0,100,70,0.005,0.005,0.03,0.1,3004.0,0
fashion-mnist_fquad_learnt_fcn_seed0,2.0,fashion-mnist,fcn,fquad,learnt,0,60000,60000,30000,60000,30000,1.0,0.5,True,0649ebe9099a0620e3c6b51ae3b11797,0.025,0.005,0.005,0.99,2000,172.7935028076172,0.005759783426920573,0.10830648333333333,0.031048347932722438,0.13391178577994198,0.046385472720308296,0.17454793727698242,0.07343724578750128,0.11850000000000005,0.10799999999999998,0.10670000000000002,0.11319999999999997,0.0,100,70,0.005,0.005,0.03,0.1,3652.1,0
fashion-mnist_fquad_learnt_fcn_seed1,2.0,fashion-mnist,fcn,fquad,learnt,1,60000,60000,30000,60000,30000,1.0,0.5,True,43abd53d79957edd1cc4da3116a3a089,0.025,0.005,0.005,0.99,2000,154.32766723632812,0.005144255574544271,0.10991261666666667,0.03232502336332803,0.1356667981980065,0.04791943222120471,0.1742531201453738,0.07372165716695628,0.11709999999999998,0.10940000000000005,0.10529999999999995,0.11309999999999998,0.0,100,70,0.005,0.005,0.03,0.1,3650.0,0
fashion-mnist_fquad_learnt_fcn_seed2,2.0,fashion-mnist,fcn,fquad,learnt,2,60000,60000,30000,60000,30000,1.0,0.5,True,3b44123c67fb59049b85d044176902b5,0.025,0.005,0.005,0.99,2000,167.5072784423828,0.005583575948079427,0.10819331666666666,0.031120016932863367,0.13378806723515377,0.04647173943519795,0.1737820332023515,0.07309725074469971,0.123,0.11050000000000004,0.1059,0.11509999999999998,0.0,100,70,0.005,0.005,0.03,0.1,3571.3,0
fashion-mnist_fquad_learnt_fcn_seed3,2.0,fashion-mnist,fcn,fquad,learnt,3,60000,60000,30000,60000,30000,1.0,0.5,True,1977684e3583138a30f58a248bda3a94,0.025,0.005,0.005,0.99,2000,177.37449645996094,0.005912483215332031,0.10830143333333334,0.03149199423660655,0.13390626508330902,0.046919182989774544,0.17508031113059558,0.07447597640729392,0.11950000000000005,0.11150000000000004,0.10629999999999995,0.11580000000000001,0.0,100,70,0.005,0.005,0.03,0.1,3708.5,0
fashion-mnist_fquad_learnt_fcn_seed4,2.0,fashion-mnist,fcn,fquad,learnt,4,60000,60000,30000,60000,30000,1.0,0.5,True,38072c273f67ba46c637e1637d987e79,0.025,0.005,0.005,0.99,2000,184.01768493652344,0.006133922831217448,0.1082812,0.0312461569974827,0.13388414569253468,0.04662352663600939,0.17582657293929022,0.07466162129009708,0.11250000000000004,0.10729999999999995,0.10409999999999997,0.11080000000000001,0.0,100,70,0.005,0.005,0.03,0.1,3687.1,0
fashion-mnist_fquad_rand_fcn_seed0,2.0,fashion-mnist,fcn,fquad,rand,0,60000,60000,0,60000,60000,1.0,0.5,True,fe28b7738673afcf370b87dedfc4c0df,0.025,0.005,0.005,0.99,2000,5153.66357421875,0.08589439290364584,0.21534466666666666,0.051916438814542554,0.24826004208742275,0.07089485554238956,0.44857957549769506,0.22438960834406005,0.21930000000000005,0.19840000000000002,0.18259999999999998,0.885,0.0,100,0,0.005,0.005,0.03,0.1,2834.7,0
fashion-mnist_fquad_rand_fcn_seed1,2.0,fashion-mnist,fcn,fquad,rand,1,60000,60000,0,60000,60000,1.0,0.5,True,fe28b7738673afcf370b87dedfc4c0df,0.025,0.005,0.005,0.99,2000,5298.5009765625,0.088308349609375,0.21073359166666666,0.0508534615392609,0.24341798425969213,0.06966980829808594,0.44613777387473263,0.22525431253158143,0.22499999999999998,0.18899999999999995,0.18289999999999995,0.9027000000000001,0.0,100,0,0.005,0.005,0.03,0.1,2372.0,0
fashion-mnist_fquad_rand_fcn_seed2,2.0,fashion-mnist,fcn,fquad,rand,2,60000,60000,0,60000,60000,1.0,0.5,True,fe28b7738673afcf370b87dedfc4c0df,0.025,0.005,0.005,0.99,2000,5307.66357421875,0.0884610595703125,0.2128166,0.051097113525042134,0.2456060766155471,0.06995078755896394,0.44876862483942065,0.22585292704400411,0.22409999999999997,0.18999999999999995,0.18069999999999997,0.9589,0.0,100,0,0.005,0.005,0.03,0.1,2348.4,0
fashion-mnist_fquad_rand_fcn_seed3,2.0,fashion-mnist,fcn,fquad,rand,3,60000,60000,0,60000,60000,1.0,0.5,True,fe28b7738673afcf370b87dedfc4c0df,0.025,0.005,0.005,0.99,2000,5205.89990234375,0.08676499837239583,0.21357865833333334,0.051456610623335675,0.2464062739236234,0.07036516498447248,0.447586573338974,0.22457319260691716,0.2177,0.18530000000000002,0.18279999999999996,0.8804,0.0,100,0,0.005,0.005,0.03,0.1,2269.6,0
fashion-mnist_fquad_rand_fcn_seed4,2.0,fashion-mnist,fcn,fquad,rand,4,60000,60000,0,60000,60000,1.0,0.5,True,fe28b7738673afcf370b87dedfc4c0df,0.025,0.005,0.005,0.99,2000,5217.18359375,0.08695305989583334,0.21396833333333334,0.05131586447895022,0.24681538822278742,0.07020296020427125,0.4482737416620612,0.22453957506183317,0.22409999999999997,0.18320000000000003,0.1815,0.902,0.0,100,0,0.005,0.005,0.03,0.1,1546.7,0
mnist_bbb_learnt_fcn_seed0,2.0,mnist,fcn,bbb,learnt,0,60000,60000,30000,60000,30000,1.0,0.5,True,87787c9892152db8decce63b7e83fe41,0.025,0.005,0.005,0.99,2000,7519.05224609375,0.25063507486979164,0.00613365,0.0015460722116996256,0.014278575687789287,0.006823103981918821,0.2676369327848895,0.24741850917888403,0.01849999999999996,0.014100000000000001,0.013599999999999945,0.01859999999999995,0.0,100,70,0.005,0.005,0.03,0.1,3799.6,0
mnist_bbb_learnt_fcn_seed1,2.0,mnist,fcn,bbb,learnt,1,60000,60000,30000,60000,30000,1.0,0.5,True,6805d9975506e62f8cbcf80666d0a7dd,0.025,0.005,0.005,0.99,2000,7412.58984375,0.247086328125,0.005997383333333333,0.0015194715995350432,0.014077310785433006,0.006772114557735799,0.26438202123060445,0.24451379492534547,0.01980000000000004,0.014599999999999946,0.014900000000000024,0.01870000000000005,0.0,100,70,0.005,0.005,0.03,0.1,3801.5,0
mnist_bbb_learnt_fcn_seed2,2.0,mnist,fcn,bbb,learnt,2,60000,60000,30000,60000,30000,1.0,0.5,True,74374d33a973a3275d9cb05c470fc802,0.025,0.005,0.005,0.99,2000,7119.2333984375,0.23730777994791666,0.005536116666666667,0.0013721868374813096,0.013390423523045593,0.0064861469740594155,0.2550064883671161,0.2360118998494109,0.01990000000000003,0.013900000000000023,0.014599999999999946,0.020100000000000007,0.0,100,70,0.005,0.005,0.03,0.1,3783.6,0
mnist_bbb_learnt_fcn_seed3,2.0,mnist,fcn,bbb,learnt,3,60000,60000,30000,60000,30000,1.0,0.5,True,11fbb755aef12face4b81709b0a78b51,0.025,0.005,0.005,0.99,2000,7810.939453125,0.2603646484375,0.005785083333333333,0.0014381683751115122,0.013762272606973658,0.006615045708105505,0.27382452701933574,0.2542830579418359,0.017800000000000038,0.014900000000000024,0.014800000000000035,0.02090000000000003,0.0,100,70,0.005,0.005,0.03,0.1,3789.8,0
mnist_bbb_learnt_fcn_seed4,2.0,mnist,fcn,bbb,learnt,4,60000,60000,30000,60000,30000,1.0,0.5,True,3c5a4c1f52b69ff43a9e370bf7c56abb,0.025,0.005,0.005,0.99,2000,7544.5771484375,0.25148590494791667,0.005829516666666667,0.0014331995278454466,0.013828360641018056,0.006605384597671848,0.2671658886240486,0.24742246828412146,0.019000000000000017,0.015199999999999991,0.015599999999999947,0.021399999999999975,0.0,100,70,0.005,0.005,0.03,0.1,3801.7,0
mnist_fclassic_learnt_fcn_seed0,2.0,mnist,fcn,fclassic,learnt,0,60000,60000,30000,60000,30000,1.0,0.5,True,87787c9892152db8decce63b7e83fe41,0.025,0.005,0.005,0.99,2000,5.992012023925781,0.00019973373413085938,0.023321666666666668,0.010673242395513576,0.036959533896672454,0.02067513271654081,0.043692095922252046,0.02585518720921537,0.022700000000000053,0.018000000000000016,0.018299999999999983,0.01859999999999995,0.0,100,70,0.005,0.005,0.03,0.1,3732.4,0
mnist_fclassic_learnt_fcn_seed1,2.0,mnist,fcn,fclassic,learnt,1,60000,60000,30000,60000,30000,1.0,0.5,True,6805d9975506e62f8cbcf80666d0a7dd,0.025,0.005,0.005,0.99,2000,6.463536262512207,0.0002154512087504069,0.023748216666666665,0.010870027895543697,0.03748727841358218,0.020942249716739914,0.044360523793672675,0.026228735142914628,0.02200000000000002,0.018199999999999994,0.019399999999999973,0.01870000000000005,0.0,100,70,0.005,0.005,0.03,0.1,3710.7,0
mnist_fclassic_learnt_fcn_seed2,2.0,mnist,fcn,fclassic,learnt,2,60000,60000,30000,60000,30000,1.0,0.5,True,74374d33a973a3275d9cb05c470fc802,0.025,0.005,0.005,0.99,2000,7.9836225509643555,0.00026612075169881187,0.023227766666666667,0.010787841664254574,0.03684322312419347,0.0208307697194709,0.043967531318976745,0.026344471749700397,0.02300000000000002,0.01739999999999997,0.018299999999999983,0.020100000000000007,0.0,100,70,0.005,0.005,0.03,0.1,3744.4,0
mnist_fclassic_learnt_fcn_seed3,2.0,mnist,fcn,fclassic,learnt,3,60000,60000,30000,60000,30000,1.0,0.5,True,11fbb755aef12face4b81709b0a78b51,0.025,0.005,0.005,0.99,2000,8.03530216217041,0.00026784340540568036,0.024642883333333334,0.011409216377134917,0.03859104622692783,0.02167087580979471,0.04587548469141673,0.027291397659686304,0.02400000000000002,0.01970000000000005,0.020199999999999996,0.02090000000000003,0.0,100,70,0.005,0.005,0.03,0.1,3790.0,0
mnist_fclassic_learnt_fcn_seed4,2.0,mnist,fcn,fclassic,learnt,4,60000,60000,30000,60000,30000,1.0,0.5,True,3c5a4c1f52b69ff43a9e370bf7c56abb,0.025,0.005,0.005,0.99,2000,7.02667236328125,0.000234222412109375,0.024183733333333332,0.011033256671454054,0.03802510740599113,0.021163324613873102,0.04505821614462108,0.026565327388353547,0.022599999999999953,0.020100000000000007,0.01970000000000005,0.021399999999999975,0.0,100,70,0.005,0.005,0.03,0.1,3810.0,0
mnist_flamb_learnt_fcn_seed0,2.0,mnist,fcn,flamb,learnt,0,60000,60000,30000,60000,30000,1.0,0.5,True,87787c9892152db8decce63b7e83fe41,0.025,0.005,0.005,0.99,2000,586.166748046875,0.0195388916015625,0.017389416666666668,0.0059402505257158626,0.029501657244381422,0.013992708905902818,0.07626892567424032,0.051375251775113435,0.02090000000000003,0.015700000000000047,0.015199999999999991,0.01859999999999995,0.0,100,70,0.005,0.005,0.03,0.1,4142.1,0
mnist_flamb_learnt_fcn_seed1,2.0,mnist,fcn,flamb,learnt,1,60000,60000,30000,60000,30000,1.0,0.5,True,6805d9975506e62f8cbcf80666d0a7dd,0.025,0.005,0.005,0.99,2000,589.0791625976562,0.01963597208658854,0.017274566666666668,0.005866142556145041,0.02935473061054378,0.01388277505806318,0.07619365213389113,0.051309473066525946,0.020299999999999985,0.01529999999999998,0.015700000000000047,0.01870000000000005,0.0,100,70,0.005,0.005,0.03,0.1,4504.0,0
mnist_flamb_learnt_fcn_seed2,2.0,mnist,fcn,flamb,learnt,2,60000,60000,30000,60000,30000,1.0,0.5,True,74374d33a973a3275d9cb05c470fc802,0.025,0.005,0.005,0.99,2000,589.5241088867188,0.019650803629557293,0.017193966666666668,0.005689464941344222,0.02925155257318196,0.013619774238322448,0.07606030861218434,0.05086738234491046,0.02100000000000002,0.015900000000000025,0.015900000000000025,0.020100000000000007,0.0,100,70,0.005,0.005,0.03,0.1,4464.5,0
mnist_flamb_learnt_fcn_seed3,2.0,mnist,fcn,flamb,learnt,3,60000,60000,30000,60000,30000,1.0,0.5,True,11fbb755aef12face4b81709b0a78b51,0.025,0.005,0.005,0.99,2000,657.8108520507812,0.021927028401692708,0.0178972,0.006038727320619613,0.030149938687092762,0.01413845207544512,0.08079942628410691,0.054709963161252595,0.020000000000000018,0.016700000000000048,0.016700000000000048,0.02090000000000003,0.0,100,70,0.005,0.005,0.03,0.1,4477.5,0
mnist_flamb_learnt_fcn_seed4,2.0,mnist,fcn,flamb,learnt,4,60000,60000,30000,60000,30000,1.0,0.5,True,3c5a4c1f52b69ff43a9e370bf7c56abb,0.025,0.005,0.005,0.99,2000,605.1156005859375,0.02017052001953125,0.017399533333333335,0.00581630079799586,0.029514594053301424,0.01380871252319832,0.07723582616334185,0.05187238159705327,0.02210000000000001,0.01849999999999996,0.017299999999999982,0.021399999999999975,0.0,100,70,0.005,0.005,0.03,0.1,4474.0,0
mnist_fquad_learnt_cnn_seed0,2.0,mnist,cnn,fquad,learnt,0,60000,60000,30000,60000,30000,1.0,0.5,True,87787c9892152db8decce63b7e83fe41,0.025,0.005,0.005,0.99,2000,135.39540100097656,0.004513180033365885,0.011146333333333333,0.004181796560191153,0.02131621792012356,0.011314011187542551,0.03882189147580911,0.02513016539382046,0.011299999999999977,0.009700000000000042,0.010099999999999998,0.011299999999999977,0.0,100,70,0.005,0.005,0.03,0.1,5292.3,0
mnist_fquad_learnt_cnn_seed1,2.0,mnist,cnn,fquad,learnt,1,60000,60000,30000,60000,30000,1.0,0.5,True,6805d9975506e62f8cbcf80666d0a7dd,0.025,0.005,0.005,0.99,2000,119.72061157226562,0.003990687052408854,0.010355516666666667,0.003952317952695782,0.020242439595591192,0.010951412477845535,0.03628678843957206,0.02367333880111439,0.011299999999999977,0.008900000000000019,0.00880000000000003,0.009700000000000042,0.0,100,70,0.005,0.005,0.03,0.1,5231.6,0
mnist_fquad_learnt_cnn_seed2,2.0,mnist,cnn,fquad,learnt,2,60000,60000,30000,60000,30000,1.0,0.5,True,74374d33a973a3275d9cb05c470fc802,0.025,0.005,0.005,0.99,2000,117.84544372558594,0.003928181457519531,0.0105101,0.003825212096172213,0.0204531794649489,0.010748962258770702,0.03642527298140969,0.023271421329785828,0.011499999999999955,0.009299999999999975,0.009600000000000053,0.010199999999999987,0.0,100,70,0.005,0.005,0.03,0.1,5211.8,0
mnist_fquad_learnt_cnn_seed3,2.0,mnist,cnn,fquad,learnt,3,60000,60000,30000,60000,30000,1.0,0.5,True,11fbb755aef12face4b81709b0a78b51,0.025,0.005,0.005,0.99,2000,129.0049591064453,0.004300165303548177,0.010884483333333334,0.004025152910825187,0.020961845812079775,0.011066894647104477,0.03789979056914622,0.024395817640326223,0.011600000000000055,0.010600000000000054,0.010600000000000054,0.011399999999999966,0.0,100,70,0.005,0.005,0.03,0.1,5490.4,0
mnist_fquad_learnt_cnn_seed4,2.0,mnist,cnn,fquad,learnt,4,60000,60000,30000,60000,30000,1.0,0.5,True,3c5a4c1f52b69ff43a9e370bf7c56abb,0.025,0.005,0.005,0.99,2000,121.13260650634766,0.004037753550211589,0.010316883333333334,0.0038601376045478493,0.02018970505988388,0.010804709382104706,0.03632010687741067,0.023549269807532195,0.010000000000000009,0.008600000000000052,0.008700000000000041,0.010000000000000009,0.0,100,70,0.005,0.005,0.03,0.1,5470.0,0
mnist_fquad_learnt_fcn_seed0,2.0,mnist,fcn,fquad,learnt,0,60000,60000,30000,60000,30000,1.0,0.5,True,87787c9892152db8decce63b7e83fe41,0.025,0.005,0.005,0.99,2000,167.6277618408203,0.005587592061360677,0.020072783333333333,0.007934053285169542,0.03290481416130836,0.016878409315962573,0.05618328006128965,0.03495911637800203,0.02070000000000005,0.016700000000000048,0.016800000000000037,0.01859999999999995,0.0,100,70,0.005,0.005,0.03,0.1,3736.9,0
mnist_fquad_learnt_fcn_seed0_ln10,2.0,mnist,fcn,fquad,learnt,0,60000,60000,30000,60000,30000,1.0,0.5,True,87787c9892152db8decce63b7e83fe41,0.025,0.005,0.005,0.99,2000,235.9504852294922,0.007865016174316406,0.1581659,0.09645503589366941,0.18774740559023714,0.12090837797592265,0.24113195891384226,0.16682258106602652,0.06269999999999998,0.06000000000000005,0.03839999999999999,0.05520000000000003,0.1,100,70,0.005,0.005,0.03,0.1,4161.3,0
mnist_fquad_learnt_fcn_seed0_ln20,2.0,mnist,fcn,fquad,learnt,0,60000,60000,30000,60000,30000,1.0,0.5,True,87787c9892152db8decce63b7e83fe41,0.025,0.005,0.005,0.99,2000,721.9658813476562,0.024065529378255207,0.28706915,0.1452323477820337,0.322888223535586,0.17389639678097488,0.43077334389663896,0.2674636552008615,0.11599999999999999,0.10870000000000002,0.0685,0.09230000000000005,0.2,100,70,0.005,0.005,0.03,0.1,4170.7,0
mnist_fquad_learnt_fcn_seed0_ln40,2.0,mnist,fcn,fquad,learnt,0,60000,60000,30000,60000,30000,1.0,0.5,True,87787c9892152db8decce63b7e83fe41,0.025,0.005,0.005,0.99,2000,1086.416748046875,0.0362138916015625,0.5403554833333334,0.214762153540325,0.5787130506326519,0.24764867767616425,0.7061418764951392,0.37465670441459603,0.24960000000000004,0.2429,0.16500000000000004,0.21109999999999995,0.4,100,70,0.005,0.005,0.03,0.1,4155.2,0
mnist_fquad_learnt_fcn_seed0_pt10,2.0,mnist,fcn,fquad,learnt,0,60000,6000,3000,6000,3000,0.1,0.5,True,e9ce349d96f1bb0f32028e6ee7e099cb,0.025,0.005,0.005,0.99,2000,64.35292053222656,0.021450973510742186,0.05346533333333333,0.022801454904263316,0.07267637290874747,0.036314545018972744,0.1444530211779173,0.09375813078495761,0.05900000000000005,0.05130000000000001,0.05269999999999997,0.05469999999999997,0.0,100,70,0.005,0.005,0.03,0.1,576.5,0
mnist_fquad_learnt_fcn_seed0_pt20,2.0,mnist,fcn,fquad,learnt,0,60000,12000,6000,12000,6000,0.2,0.5,True,43e38b330d6d6f17cf41987546b6b559,0.025,0.005,0.005,0.99,2000,100.05447387695312,0.016675745646158854,0.047571166666666664,0.020727514003956393,0.06587390956730882,0.033727270645798,0.12410059944327329,0.0801792918918461,0.04730000000000001,0.038000000000000034,0.0393,0.041200000000000014,0.0,100,70,0.005,0.005,0.03,0.1,923.7,0
mnist_fquad_learnt_fcn_seed0_pt50,2.0,mnist,fcn,fquad,learnt,0,60000,30000,15000,30000,15000,0.5,0.5,True,85ade6379bd7bf9bc01db61017dbda9d,0.025,0.005,0.005,0.99,2000,120.542236328125,0.008036149088541666,0.0281873,0.011827374296607324,0.04292565670686005,0.022232810815783047,0.07518417884606217,0.047562599064997775,0.02969999999999995,0.024399999999999977,0.02529999999999999,0.025599999999999956,0.0,100,70,0.005,0.005,0.03,0.1,2413.3,0
mnist_fquad_learnt_fcn_seed1,2.0,mnist,fcn,fquad,learnt,1,60000,60000,30000,60000,30000,1.0,0.5,True,6805d9975506e62f8cbcf80666d0a7dd,0.025,0.005,0.005,0.99,2000,185.3475341796875,0.006178251139322917,0.0200272,0.007804995911338768,0.03284744556334357,0.01669528300104856,0.05743231362730101,0.03578654784624075,0.02090000000000003,0.016100000000000003,0.017000000000000015,0.01870000000000005,0.0,100,70,0.005,0.005,0.03,0.1,3765.5,0
mnist_fquad_learnt_fcn_seed1_ln10,2.0,mnist,fcn,fquad,learnt,1,60000,60000,30000,60000,30000,1.0,0.5,True,6805d9975506e62f8cbcf80666d0a7dd,0.025,0.005,0.005,0.99,2000,217.35508728027344,0.007245169576009115,0.15581115,0.09798517788609686,0.1852307616635564,0.12259281362173508,0.23623079997937818,0.16682079875936856,0.06289999999999996,0.05559999999999998,0.036800000000000055,0.0524,0.1,100,70,0.005,0.005,0.03,0.1,4084.7,0
mnist_fquad_learnt_fcn_seed1_ln20,2.0,mnist,fcn,fquad,learnt,1,60000,60000,30000,60000,30000,1.0,0.5,True,6805d9975506e62f8cbcf80666d0a7dd,0.025,0.005,0.005,0.99,2000,597.51171875,0.019917057291666665,0.2852582,0.1466001462927253,0.32101836920639254,0.17536457031422253,0.4189610557438916,0.2601112220932788,0.11240000000000006,0.10719999999999996,0.07010000000000005,0.09330000000000005,0.2,100,70,0.005,0.005,0.03,0.1,4107.4,0
mnist_fquad_learnt_fcn_seed1_ln40,2.0,mnist,fcn,fquad,learnt,1,60000,60000,30000,60000,30000,1.0,0.5,True,6805d9975506e62f8cbcf80666d0a7dd,0.025,0.005,0.005,0.99,2000,933.517333984375,0.031117244466145833,0.5370945,0.2116357906717548,0.5754846222668878,0.24436584819256488,0.694505837262861,0.36131389758747406,0.25560000000000005,0.24219999999999997,0.17049999999999998,0.21860000000000002,0.4,100,70,0.005,0.005,0.03,0.1,4046.6,0
mnist_fquad_learnt_fcn_seed1_pt10,2.0,mnist,fcn,fquad,learnt,1,60000,6000,3000,6000,3000,0.1,0.5,True,080d70cadaf0e10bc60bd61191854b9b,0.025,0.005,0.005,0.99,2000,67.42933654785156,0.02247644551595052,0.05748266666666667,0.025348961087557347,0.07727861995338288,0.039459255850188564,0.1522815017404496,0.09995307794619952,0.062000000000000055,0.05379999999999996,0.05369999999999997,0.055300000000000016,0.0,100,70,0.005,0.005,0.03,0.1,824.2,0
mnist_fquad_learnt_fcn_seed1_pt20,2.0,mnist,fcn,fquad,learnt,1,60000,12000,6000,12000,6000,0.2,0.5,True,22cef3eb07c1edf9f6a20ce1a93b14e9,0.025,0.005,0.005,0.99,2000,89.12427520751953,0.014854045867919921,0.04323216666666667,0.018190990633484772,0.06082272169127407,0.030524058025136414,0.11408815154615132,0.0726141309999669,0.044300000000000006,0.03710000000000002,0.039000000000000035,0.0393,0.0,100,70,0.005,0.005,0.03,0.1,1330.8,0
mnist_fquad_learnt_fcn_seed1_pt50,2.0,mnist,fcn,fquad,learnt,1,60000,30000,15000,30000,15000,0.5,0.5,True,486d5adfe31c754504bee3c8179dbd87,0.025,0.005,0.005,0.99,2000,136.14529418945312,0.009076352945963541,0.031035066666666666,0.01366801760676726,0.04636948423547843,0.02467720316528871,0.08182504619246485,0.05285394695640517,0.02849999999999997,0.023299999999999987,0.023700000000000054,0.02749999999999997,0.0,100,70,0.005,0.005,0.03,0.1,2445.0,0
mnist_fquad_learnt_fcn_seed2,2.0,mnist,fcn,fquad,learnt,2,60000,60000,30000,60000,30000,1.0,0.5,True,74374d33a973a3275d9cb05c470fc802,0.025,0.005,0.005,0.99,2000,202.0892333984375,0.0067363077799479166,0.0195845,0.007524351572294307,0.032289537182141836,0.016295492776521925,0.057918398168781256,0.036210130275156356,0.021700000000000053,0.01649999999999996,0.01639999999999997,0.020100000000000007,0.0,100,70,0.005,0.005,0.03,0.1,3748.4,0
mnist_fquad_learnt_fcn_seed2_ln10,2.0,mnist,fcn,fquad,learnt,2,60000,60000,30000,60000,30000,1.0,0.5,True,74374d33a973a3275d9cb05c470fc802,0.025,0.005,0.005,0.99,2000,221.51268005371094,0.007383756001790365,0.15150378333333334,0.09537883740928786,0.18062142990166058,0.11972261356827503,0.23169027477227416,0.16400281583070936,0.06120000000000003,0.05910000000000004,0.03759999999999997,0.050899999999999945,0.1,100,70,0.005,0.005,0.03,0.1,3775.4,0
mnist_fquad_learnt_fcn_seed2_ln20,2.0,mnist,fcn,fquad,learnt,2,60000,60000,30000,60000,30000,1.0,0.5,True,74374d33a973a3275d9cb05c470fc802,0.025,0.005,0.005,0.99,2000,635.9290161132812,0.021197633870442708,0.28762381666666664,0.1451320030580415,0.3234607948513556,0.17378865600255583,0.42465904507118946,0.2611757383444143,0.11909999999999998,0.10999999999999999,0.06879999999999997,0.09589999999999999,0.2,100,70,0.005,0.005,0.03,0.1,3554.1,0
mnist_fquad_learnt_fcn_seed2_ln40,2.0,mnist,fcn,fquad,learnt,2,60000,60000,30000,60000,30000,1.0,0.5,True,74374d33a973a3275d9cb05c470fc802,0.025,0.005,0.005,0.99,2000,996.3077392578125,0.033210257975260414,0.5388625666666667,0.2133745690989407,0.5772352436004046,0.24619198654379212,0.6997737430323259,0.36740014413903455,0.26160000000000005,0.25870000000000004,0.17490000000000006,0.22619999999999996,0.4,100,70,0.005,0.005,0.03,0.1,2869.7,0
mnist_fquad_learnt_fcn_seed2_pt10,2.0,mnist,fcn,fquad,learnt,2,60000,6000,3000,6000,3000,0.1,0.5,True,3525c6bf876ddf528f2996db1dc0b897,0.025,0.005,0.005,0.99,2000,59.07124328613281,0.019690414428710938,0.051886166666666664,0.024555622930874578,0.07085999556096317,0.03848357446063894,0.13899521019958225,0.0943165024686546,0.06010000000000004,0.052100000000000035,0.05400000000000005,0.057599999999999985,0.0,100,70,0.005,0.005,0.03,0.1,594.8,0
mnist_fquad_learnt_fcn_seed2_pt20,2.0,mnist,fcn,fquad,learnt,2,60000,12000,6000,12000,6000,0.2,0.5,True,31738466862a495f84746d05ed2ab771,0.025,0.005,0.005,0.99,2000,100.71878814697266,0.016786464691162108,0.04597991666666667,0.02072804884920333,0.06402608962130348,0.03372794133966812,0.12189361233889325,0.08035589654098291,0.046599999999999975,0.03739999999999999,0.03869999999999996,0.04420000000000002,0.0,100,70,0.005,0.005,0.03,0.1,963.6,0
mnist_fquad_learnt_fcn_seed2_pt50,2.0,mnist,fcn,fquad,learnt,2,60000,30000,15000,30000,15000,0.5,0.5,True,9387b541095e930e1c800ea6ab9f074b,0.025,0.005,0.005,0.99,2000,128.61026000976562,0.008574017333984375,0.0269492,0.011003791101374463,0.041418062367158566,0.021123449361317773,0.07438212640111337,0.046935957016683794,0.027800000000000047,0.02180000000000004,0.021599999999999953,0.024700000000000055,0.0,100,70,0.005,0.005,0.03,0.1,2311.9,0
mnist_fquad_learnt_fcn_seed3,2.0,mnist,fcn,fquad,learnt,3,60000,60000,30000,60000,30000,1.0,0.5,True,11fbb755aef12face4b81709b0a78b51,0.025,0.005,0.005,0.99,2000,203.38308715820312,0.00677943623860677,0.020765466666666666,0.008183612394780899,0.03377485849182033,0.017231283574494494,0.05993829419204405,0.037623785104629555,0.021199999999999997,0.018000000000000016,0.01759999999999995,0.02090000000000003,0.0,100,70,0.005,0.005,0.03,0.1,3741.6,0
mnist_fquad_learnt_fcn_seed4,2.0,mnist,fcn,fquad,learnt,4,60000,60000,30000,60000,30000,1.0,0.5,True,3c5a4c1f52b69ff43a9e370bf7c56abb,0.025,0.005,0.005,0.99,2000,192.9932403564453,0.00643310801188151,0.020203866666666667,0.007776135047905341,0.03306970892476852,0.016654269572631334,0.05827681163745274,0.036186240522328834,0.021700000000000053,0.01959999999999995,0.01859999999999995,0.021399999999999975,0.0,100,70,0.005,0.005,0.03,0.1,3750.3,0
mnist_fquad_rand_fcn_seed0,2.0,mnist,fcn,fquad,rand,0,60000,60000,0,60000,60000,1.0,0.5,True,fe28b7738673afcf370b87dedfc4c0df,0.025,0.005,0.005,0.99,2000,8169.984375,0.13616640625,0.097116425,0.027203371982886464,0.12163667162430508,0.04172810497905861,0.3504484638052991,0.2280867344366325,0.0947,0.05630000000000002,0.05889999999999995,0.9173,0.0,100,0,0.005,0.005,0.03,0.1,3165.0,0
mnist_fquad_rand_fcn_seed1,2.0,mnist,fcn,fquad,rand,1,60000,60000,0,60000,60000,1.0,0.5,True,fe28b7738673afcf370b87dedfc4c0df,0.025,0.005,0.005,0.99,2000,8285.2236328125,0.138087060546875,0.09270131666666667,0.02631425021851085,0.11676865671973341,0.04064226840723923,0.34572810705093365,0.22792384848587494,0.09019999999999995,0.0595,0.05720000000000003,0.9017,0.0,100,0,0.005,0.005,0.03,0.1,3139.8,0
mnist_fquad_rand_fcn_seed2,2.0,mnist,fcn,fquad,rand,2,60000,60000,0,60000,60000,1.0,0.5,True,fe28b7738673afcf370b87dedfc4c0df,0.025,0.005,0.005,0.99,2000,8238.5771484375,0.137309619140625,0.0956992,0.027041671575777488,0.12007568299647903,0.04153089379787572,0.349467685048953,0.22880821464462614,0.09670000000000001,0.05620000000000003,0.05789999999999995,0.8941,0.0,100,0,0.005,0.005,0.03,0.1,3091.4,0
mnist_fquad_rand_fcn_seed3,2.0,mnist,fcn,fquad,rand,3,60000,60000,0,60000,60000,1.0,0.5,True,fe28b7738673afcf370b87dedfc4c0df,0.025,0.005,0.005,0.99,2000,8243.78515625,0.13739641927083332,0.09494145833333334,0.026781672877880018,0.11924045526174727,0.04121355241124508,0.3484182804602117,0.2283141293153604,0.08960000000000001,0.05510000000000004,0.05730000000000002,0.8799,0.0,100,0,0.005,0.005,0.03,0.1,3077.5,0
mnist_fquad_rand_fcn_seed4,2.0,mnist,fcn,fquad,rand,4,60000,60000,0,60000,60000,1.0,0.5,True,fe28b7738673afcf370b87dedfc4c0df,0.025,0.005,0.005,0.99,2000,8352.23828125,0.13920397135416668,0.097154575,0.027062842552437082,0.12167867087511669,0.04155672070862887,0.3535134142113964,0.23063637215455887,0.0938,0.05820000000000003,0.06040000000000001,0.9116,0.0,100,0,0.005,0.005,0.03,0.1,2801.6,0
