dataset,model,objective,prior_type,perc_train,label_noise,n_seeds,seeds,cert_risk_01_mean,cert_risk_01_std,cert_risk_ce_mean,cert_risk_ce_std,emp_risk_01_mean,emp_risk_01_std,kl_mean,kl_std,kl_over_nbound_mean,kl_over_nbound_std,mc_err_01_mean,mc_err_01_std,test_stoch_01_mean,test_stoch_01_std,test_postmean_01_mean,test_postmean_01_std,test_ens_01_mean,test_ens_01_std,n_bound_mean,n_bound_std
cifar10,cnn,bbb,learnt,1.0,0.0,5,0|1|2|3|4,0.981587,0.001224,0.973397,0.001523,0.07729,0.001392,85408.878125,1290.397153,3.416355,0.051616,0.057493,0.001218,0.24114,0.0061,0.2165,0.005976,0.20176,0.004013,25000.0,0.0
cifar10,cnn,fclassic,learnt,1.0,0.0,5,0|1|2|3|4,0.394655,0.007943,0.168412,0.004845,0.319873,0.006117,290.446729,37.502134,0.011618,0.0015,0.284152,0.005921,0.29074,0.006111,0.26346,0.008646,0.2445,0.007831,25000.0,0.0
cifar10,cnn,fquad,learnt,1.0,0.0,5,0|1|2|3|4,0.429781,0.00831,0.193177,0.005312,0.302815,0.00586,843.407056,73.820326,0.033736,0.002953,0.267666,0.005651,0.28008,0.006678,0.25386,0.00874,0.23588,0.007841,25000.0,0.0
cifar10,cnn,fquad,rand,1.0,0.0,5,0|1|2|3|4,0.928634,0.000561,0.24666,0.000214,0.92023,0.000625,14.330077,0.521108,0.000287,1e-05,0.898445,0.000699,0.89828,0.004712,0.9,0.0,0.8975,0.00417,50000.0,0.0
fashion-mnist,cnn,fquad,learnt,1.0,0.0,5,0|1|2|3|4,0.166758,0.005282,0.082225,0.00345,0.107138,0.001559,418.630505,47.094241,0.013954,0.00157,0.084009,0.001403,0.09272,0.002712,0.0861,0.000851,0.0832,0.001344,30000.0,0.0
fashion-mnist,fcn,bbb,learnt,1.0,0.0,5,0|1|2|3|4,0.661309,0.005727,0.572577,0.006469,0.091706,0.001067,21437.143359,420.082276,0.714571,0.014003,0.070209,0.000948,0.1118,0.00088,0.10214,0.001802,0.09876,0.001674,30000.0,0.0
fashion-mnist,fcn,fclassic,learnt,1.0,0.0,5,0|1|2|3|4,0.156719,0.000794,0.064308,0.000677,0.138094,0.000814,29.59934,1.967186,0.000987,6.6e-05,0.112137,0.000747,0.11944,0.003629,0.11084,0.002083,0.10796,0.00091,30000.0,0.0
fashion-mnist,fcn,fquad,learnt,1.0,0.0,5,0|1|2|3|4,0.174698,0.000787,0.073879,0.000671,0.134231,0.000804,171.204126,11.216822,0.005707,0.000374,0.108599,0.000736,0.11812,0.003824,0.10934,0.00173,0.10566,0.001014,30000.0,0.0
fashion-mnist,fcn,fquad,rand,1.0,0.0,5,0|1|2|3|4,0.447869,0.001067,0.224922,0.000618,0.246101,0.001782,5236.582324,65.344672,0.087276,0.001089,0.213288,0.001697,0.22204,0.003301,0.18918,0.005842,0.1821,0.000962,60000.0,0.0
mnist,cnn,fquad,learnt,1.0,0.0,5,0|1|2|3|4,0.037151,0.001153,0.024004,0.000754,0.020633,0.000489,124.619804,7.372206,0.004154,0.000246,0.010643,0.00036,0.01114,0.00065,0.00942,0.000779,0.00956,0.00082,30000.0,0.0
mnist,fcn,bbb,learnt,1.0,0.0,5,0|1|2|3|4,0.265603,0.006855,0.24593,0.006607,0.013867,0.000337,7481.278418,249.952348,0.249376,0.008332,0.005856,0.000226,0.019,0.000886,0.01454,0.000541,0.0147,0.000721,30000.0,0.0
mnist,fcn,fclassic,learnt,1.0,0.0,5,0|1|2|3|4,0.044591,0.000883,0.026457,0.000533,0.037581,0.000734,7.100229,0.907425,0.000237,3e-05,0.023825,0.000594,0.02286,0.000733,0.01868,0.001161,0.01918,0.000853,30000.0,0.0
mnist,fcn,flamb,learnt,1.0,0.0,5,0|1|2|3|4,0.077312,0.002005,0.052027,0.001542,0.029554,0.00035,605.539294,30.146363,0.020185,0.001005,0.017431,0.000274,0.02086,0.000808,0.01642,0.00127,0.01616,0.000835,30000.0,0.0
mnist,fcn,fquad,learnt,0.1,0.0,3,0|1|2,0.145243,0.006678,0.096009,0.003427,0.073605,0.003309,63.617833,4.227256,0.021206,0.001409,0.054278,0.002885,0.060367,0.001518,0.0524,0.001277,0.053467,0.000681,3000.0,0.0
mnist,fcn,fquad,learnt,0.2,0.0,3,0|1|2,0.120027,0.005261,0.077716,0.00442,0.063574,0.002556,96.632512,6.510802,0.016105,0.001085,0.045594,0.002195,0.046067,0.00157,0.0375,0.000458,0.039,0.0003,6000.0,0.0
mnist,fcn,fquad,learnt,0.5,0.0,3,0|1|2,0.07713,0.004085,0.049118,0.003251,0.043571,0.002538,128.432597,7.803046,0.008562,0.00052,0.028724,0.002095,0.028667,0.000961,0.023167,0.001305,0.023533,0.001856,15000.0,0.0
mnist,fcn,fquad,learnt,1.0,0.0,5,0|1|2|3|4,0.05795,0.001365,0.036153,0.000965,0.032977,0.000534,190.288171,14.628426,0.006343,0.000488,0.020131,0.000424,0.02124,0.000456,0.01738,0.001431,0.01728,0.000856,30000.0,0.0
mnist,fcn,fquad,learnt,1.0,0.1,3,0|1|2,0.236351,0.004722,0.165882,0.001627,0.184533,0.003614,224.939418,9.759821,0.007498,0.000325,0.15516,0.003378,0.062267,0.000929,0.058233,0.002325,0.0376,0.0008,30000.0,0.0
mnist,fcn,fquad,learnt,1.0,0.2,3,0|1|2,0.424798,0.005907,0.262917,0.003973,0.322456,0.001277,651.802205,63.727374,0.021727,0.002124,0.28665,0.001237,0.115833,0.003353,0.108633,0.001401,0.069133,0.00085,30000.0,0.0
mnist,fcn,fquad,learnt,1.0,0.4,3,0|1|2,0.70014,0.005827,0.36779,0.00668,0.577144,0.001616,1005.41394,76.855383,0.033514,0.002562,0.538771,0.001632,0.2556,0.006,0.247933,0.009331,0.170133,0.00496,30000.0,0.0
mnist,fcn,fquad,rand,1.0,0.0,5,0|1|2|3|4,0.349515,0.002846,0.228754,0.001104,0.11988,0.002028,8257.961719,66.985132,0.137633,0.001116,0.095523,0.001839,0.093,0.003026,0.05706,0.001762,0.05834,0.001335,60000.0,0.0
